-- CICLO 1

-- ESTUDIANTES
INSERT INTO ESTUDIANTES (idUsuario, nombre, correo, contrasena, telefono, direccion, fechaRegistro, fechaIngreso, documentoIdentidad, estadoAcademico)
VALUES  ('ESTU1000093986', 'Marianella Polo Peña', 'marianella.polo-p@mail.escuelaing.edu.co', 'password123', '1029220411', 'Calle 123', TO_DATE('2023-01-01', 'YYYY-MM-DD'), TO_DATE('2023-01-15', 'YYYY-MM-DD'), '000123456789', 'A/8');

INSERT INTO ESTUDIANTES (idUsuario, nombre, correo, contrasena, telefono, direccion, fechaRegistro, fechaIngreso, documentoIdentidad, estadoAcademico)
VALUES  ('ESTU1000096208', 'Juan Sebastián Guayazán Clavijo', 'juan.guayazan-c@mail.escuelaing.edu.co', 'password321', '1025523810', 'Calle 321', TO_DATE('2023-01-01', 'YYYY-MM-DD'), TO_DATE('2023-01-15', 'YYYY-MM-DD'), '000987654321',  'A/4');

INSERT INTO ESTUDIANTES (idUsuario, nombre, correo, contrasena, telefono, direccion, fechaRegistro, fechaIngreso, documentoIdentidad, estadoAcademico)
VALUES  ('ESTU1000090700', 'María Paula Robinson Hidalgo', 'maria.robinson-h@mail.escuelaing.edu.co', 'jS4%U(%0!j', '', 'Avenida 127 #54-34', TO_DATE('2023-01-01', 'YYYY-MM-DD'), TO_DATE('2023-01-15', 'YYYY-MM-DD'), '012345678901',  'A/8');

INSERT INTO ESTUDIANTES (idUsuario, nombre, correo, contrasena, telefono, direccion, fechaRegistro, fechaIngreso, documentoIdentidad, estadoAcademico)
VALUES  ('ESTU1000090709', 'Nicolas Felipe Bernal Gallo', 'nicolas.bernal-g@mail.escuelaing.edu.co', 'xM5&.}F!mxf8Lv<=', '', 'Avenida 9 #36-25', TO_DATE('2023-01-01', 'YYYY-MM-DD'), TO_DATE('2023-01-15', 'YYYY-MM-DD'), '123456789012',  'A/8');

INSERT INTO ESTUDIANTES (idUsuario, nombre, correo, contrasena, telefono, direccion, fechaRegistro, fechaIngreso, documentoIdentidad, estadoAcademico)
VALUES  ('ESTU1000092309', 'Rafael Santiago Moreno Velasquez', 'rafael.moreno-v@mail.escuelaing.edu.co', 'pP4@DYyNOH_@r', '', 'Carrera 122 #31-32', TO_DATE('2023-01-01', 'YYYY-MM-DD'), TO_DATE('2023-01-15', 'YYYY-MM-DD'), '234567890123',  'A/8');

INSERT INTO ESTUDIANTES (idUsuario, nombre, correo, contrasena, telefono, direccion, fechaRegistro, fechaIngreso, documentoIdentidad, estadoAcademico)
VALUES  ('ESTU1000100162', 'Cristian Santiago Moreno Ruiz', 'cristian.moreno-r@mail.escuelaing.edu.co', 'mO1/hMD@h?', '', 'Avenida 140 #84-45', TO_DATE('2023-01-01', 'YYYY-MM-DD'), TO_DATE('2023-01-15', 'YYYY-MM-DD'), '345678901234',  'A/8');

INSERT INTO ESTUDIANTES (idUsuario, nombre, correo, contrasena, telefono, direccion, fechaRegistro, fechaIngreso, documentoIdentidad, estadoAcademico)
VALUES  ('ESTU1000095732', 'María Juliana Rodríguez Caicedo', 'maria.rcaicedo@mail.escuelaing.edu.co', 'vH8{5PrJ', '', 'Diagonal 74 #42-31', TO_DATE('2023-01-01', 'YYYY-MM-DD'), TO_DATE('2023-01-15', 'YYYY-MM-DD'), '456789012345',  'A/8');

INSERT INTO ESTUDIANTES (idUsuario, nombre, correo, contrasena, telefono, direccion, fechaRegistro, fechaIngreso, documentoIdentidad, estadoAcademico)
VALUES  ('ESTU1000100827', 'Diego Fabian Andrade Durán', 'diego.andrade-d@mail.escuelaing.edu.co', 'gC7&Jqpw*_', '', 'Avenida 131 #8-41', TO_DATE('2023-01-01', 'YYYY-MM-DD'), TO_DATE('2023-01-15', 'YYYY-MM-DD'), '567890123456',  'A/8');

INSERT INTO ESTUDIANTES (idUsuario, nombre, correo, contrasena, telefono, direccion, fechaRegistro, fechaIngreso, documentoIdentidad, estadoAcademico)
VALUES  ('ESTU1000092366', 'Felipe Eduardo Calvache Gallego', 'felipe.calvache-g@mail.escuelaing.edu.co', 'gV5@nb!uKC{', '', 'Diagonal 19 #49-38', TO_DATE('2023-01-01', 'YYYY-MM-DD'), TO_DATE('2023-01-15', 'YYYY-MM-DD'), '678901234567',  'A/8');

INSERT INTO ESTUDIANTES (idUsuario, nombre, correo, contrasena, telefono, direccion, fechaRegistro, fechaIngreso, documentoIdentidad, estadoAcademico)
VALUES  ('ESTU1000095923', 'Mateo Eliecer Moreno Tenjica', 'mateo.moreno-t@mail.escuelaing.edu.co', 'rR7@%<<)>8R', '', 'Avenida 123 #99-33', TO_DATE('2023-01-01', 'YYYY-MM-DD'), TO_DATE('2023-01-15', 'YYYY-MM-DD'), '789012345678',  'A/8');

INSERT INTO ESTUDIANTES (idUsuario, nombre, correo, contrasena, telefono, direccion, fechaRegistro, fechaIngreso, documentoIdentidad, estadoAcademico)
VALUES  ('ESTU1000098136', 'Juan Sebastian Ortega Muñoz', 'juan.ortega-m@mail.escuelaing.edu.co', 'lT9~Qb\*B>g1A', '', 'Diagonal 74 #69-16', TO_DATE('2023-01-01', 'YYYY-MM-DD'), TO_DATE('2023-01-15', 'YYYY-MM-DD'), '890123456789',  'A/8');

INSERT INTO ESTUDIANTES (idUsuario, nombre, correo, contrasena, telefono, direccion, fechaRegistro, fechaIngreso, documentoIdentidad, estadoAcademico)
VALUES  ('ESTU1000100519', 'Juan David Gómez Cuellar', 'juan.gcuellar@mail.escuelaing.edu.co', 'gQ6}F%uUmbjR', '', 'Circular 114 #51-33', TO_DATE('2023-01-01', 'YYYY-MM-DD'), TO_DATE('2023-01-15', 'YYYY-MM-DD'), '901234567890',  'A/8');

INSERT INTO ESTUDIANTES (idUsuario, nombre, correo, contrasena, telefono, direccion, fechaRegistro, fechaIngreso, documentoIdentidad, estadoAcademico)
VALUES  ('ESTU1000097900', 'Tomas Espitia Quiroga', 'tomas.espitia-q@mail.escuelaing.edu.co', 'wU8\<jst{a4@%C', '', 'Calle 8 #30-33', TO_DATE('2023-01-01', 'YYYY-MM-DD'), TO_DATE('2023-01-15', 'YYYY-MM-DD'), '112233445566',  'A/8');

INSERT INTO ESTUDIANTES (idUsuario, nombre, correo, contrasena, telefono, direccion, fechaRegistro, fechaIngreso, documentoIdentidad, estadoAcademico)
VALUES  ('ESTU1000099463', 'Carlos Mario Piedrahita Arango', 'carlos.piedrahita-a@mail.escuelaing.edu.co', 'oM4+FN./3ng', '', 'Avenida 98 #84-10', TO_DATE('2023-01-01', 'YYYY-MM-DD'), TO_DATE('2023-01-15', 'YYYY-MM-DD'), '223344556677',  'A/8');

INSERT INTO ESTUDIANTES (idUsuario, nombre, correo, contrasena, telefono, direccion, fechaRegistro, fechaIngreso, documentoIdentidad, estadoAcademico)
VALUES  ('ESTU1000090827', 'Hernán David Sánchez Alarcón', 'hernan.sanchez-a@mail.escuelaing.edu.co', 'lB2/O"!,tnV/P', '', 'Circular 13 #78-26', TO_DATE('2023-01-01', 'YYYY-MM-DD'), TO_DATE('2023-01-15', 'YYYY-MM-DD'), '334455667788',  'A/8');

INSERT INTO ESTUDIANTES (idUsuario, nombre, correo, contrasena, telefono, direccion, fechaRegistro, fechaIngreso, documentoIdentidad, estadoAcademico)
VALUES  ('ESTU1000091956', 'Juan Daniel Bogotá Fuentes', 'juan.bogota-f@mail.escuelaing.edu.co', 'zG8\u&4D4/,t', '', 'Avenida 45 #86-38', TO_DATE('2023-01-01', 'YYYY-MM-DD'), TO_DATE('2023-01-15', 'YYYY-MM-DD'), '445566778899',  'A/8');

INSERT INTO ESTUDIANTES (idUsuario, nombre, correo, contrasena, telefono, direccion, fechaRegistro, fechaIngreso, documentoIdentidad, estadoAcademico)
VALUES  ('ESTU1000097274', 'Elizabeth Correa Suarez', 'elizabeth.correa-s@mail.escuelaing.edu.co', 'dP6''/}<9g', '', 'Circular 76 #94-41', TO_DATE('2023-01-01', 'YYYY-MM-DD'), TO_DATE('2023-01-15', 'YYYY-MM-DD'), '556677889900',  'A/8');

INSERT INTO ESTUDIANTES (idUsuario, nombre, correo, contrasena, telefono, direccion, fechaRegistro, fechaIngreso, documentoIdentidad, estadoAcademico)
VALUES  ('ESTU1000096481', 'Cristian José González Rodríguez', 'cristian.gonzalez-r@mail.escuelaing.edu.co', 'hR0''VlZ/cm', '', 'Avenida 60 #92-36', TO_DATE('2023-01-01', 'YYYY-MM-DD'), TO_DATE('2023-01-15', 'YYYY-MM-DD'), '667788990011',  'A/8');

INSERT INTO ESTUDIANTES (idUsuario, nombre, correo, contrasena, telefono, direccion, fechaRegistro, fechaIngreso, documentoIdentidad, estadoAcademico)
VALUES  ('ESTU1000099499', 'Julián David Castiblanco Real', 'julian.castiblanco-r@mail.escuelaing.edu.co', 'wU7%fxe5<', '', 'Calle 136 #76-6', TO_DATE('2023-01-01', 'YYYY-MM-DD'), TO_DATE('2023-01-15', 'YYYY-MM-DD'), '778899001122',  'A/8');

INSERT INTO ESTUDIANTES (idUsuario, nombre, correo, contrasena, telefono, direccion, fechaRegistro, fechaIngreso, documentoIdentidad, estadoAcademico)
VALUES  ('ESTU1000095092', 'Juan Diego Valderrama Gaviria', 'juan.valderrama-g@mail.escuelaing.edu.co', 'zM6.XZHcD5R', '', 'Transversal 73 #46-10', TO_DATE('2023-01-01', 'YYYY-MM-DD'), TO_DATE('2023-01-15', 'YYYY-MM-DD'), '889900112233',  'A/8');

INSERT INTO ESTUDIANTES (idUsuario, nombre, correo, contrasena, telefono, direccion, fechaRegistro, fechaIngreso, documentoIdentidad, estadoAcademico)
VALUES  ('ESTU1000099249', 'Jeyder Nicolay León Lancheros', 'jeyder.leon-l@mail.escuelaing.edu.co', 'iB5~Q4(5!Rr', '', 'Transversal 97 #46-15', TO_DATE('2023-01-01', 'YYYY-MM-DD'), TO_DATE('2023-01-15', 'YYYY-MM-DD'), '990011223344',  'A/8');

INSERT INTO ESTUDIANTES (idUsuario, nombre, correo, contrasena, telefono, direccion, fechaRegistro, fechaIngreso, documentoIdentidad, estadoAcademico)
VALUES  ('ESTU1000100514', 'Karol Estefany Estupiñan Viancha', 'karol.estupinan-v@mail.escuelaing.edu.co', 'aE4%GqjIT5(', '', 'Calle 128 #35-35', TO_DATE('2023-01-01', 'YYYY-MM-DD'), TO_DATE('2023-01-15', 'YYYY-MM-DD'), '101010101010',  'A/8');

INSERT INTO ESTUDIANTES (idUsuario, nombre, correo, contrasena, telefono, direccion, fechaRegistro, fechaIngreso, documentoIdentidad, estadoAcademico)
VALUES  ('ESTU1000100296', 'Mariana Malagón Tochoy', 'mariana.malagon-t@mail.escuelaing.edu.co', 'tA1_ho}c&LvjVM', '', 'Avenida 98 #56-35', TO_DATE('2023-01-01', 'YYYY-MM-DD'), TO_DATE('2023-01-15', 'YYYY-MM-DD'), '202020202020',  'A/8');

INSERT INTO ESTUDIANTES (idUsuario, nombre, correo, contrasena, telefono, direccion, fechaRegistro, fechaIngreso, documentoIdentidad, estadoAcademico)
VALUES  ('ESTU1000095428', 'Kevyn Daniel Forero Gonzalez', 'kevyn.forero-g@mail.escuelaing.edu.co', 'gB4<Lv4)JT6M0"O', '', 'Calle 140 #48-48', TO_DATE('2023-01-01', 'YYYY-MM-DD'), TO_DATE('2023-01-15', 'YYYY-MM-DD'), '303030303030',  'A/8');

INSERT INTO ESTUDIANTES (idUsuario, nombre, correo, contrasena, telefono, direccion, fechaRegistro, fechaIngreso, documentoIdentidad, estadoAcademico)
VALUES  ('ESTU25', 'Estudiante 25', 'estudiante25@mail.escuelaing.edu.co', 'lD6,\\y9n1X=', '2525', 'Calle 110 #70-22', TO_DATE('2023-01-01', 'YYYY-MM-DD'), TO_DATE('2023-01-15', 'YYYY-MM-DD'), '707070707070',  'A/8');

INSERT INTO ESTUDIANTES (idUsuario, nombre, correo, contrasena, telefono, direccion, fechaRegistro, fechaIngreso, documentoIdentidad, estadoAcademico)
VALUES  ('ESTU26', 'Estudiante 26', 'estudiante26@mail.escuelaing.edu.co', 'rS7+Y,)W=', '2626', 'Diagonal 74 #25-3', TO_DATE('2023-01-01', 'YYYY-MM-DD'), TO_DATE('2023-01-15', 'YYYY-MM-DD'), '808080808080',  'A/8');

INSERT INTO ESTUDIANTES (idUsuario, nombre, correo, contrasena, telefono, direccion, fechaRegistro, fechaIngreso, documentoIdentidad, estadoAcademico)
VALUES  ('ESTU27', 'Estudiante 27', 'estudiante27@mail.escuelaing.edu.co', 'dY7`ud=Uu$ak=', '2727', 'Calle 15 #32-49', TO_DATE('2023-01-01', 'YYYY-MM-DD'), TO_DATE('2023-01-15', 'YYYY-MM-DD'), '909090909090',  'A/8');

INSERT INTO ESTUDIANTES (idUsuario, nombre, correo, contrasena, telefono, direccion, fechaRegistro, fechaIngreso, documentoIdentidad, estadoAcademico)
VALUES  ('ESTU28', 'Estudiante 28', 'estudiante28@mail.escuelaing.edu.co', 'xX5&jPAlUWY', '2828', 'Calle 15 #32-49', TO_DATE('2023-01-01', 'YYYY-MM-DD'), TO_DATE('2023-01-15', 'YYYY-MM-DD'), '505050505050',  'A/8');

INSERT INTO ESTUDIANTES (idUsuario, nombre, correo, contrasena, telefono, direccion, fechaRegistro, fechaIngreso, documentoIdentidad, estadoAcademico)
VALUES  ('ESTU29', 'Estudiante 29', 'estudiante29@mail.escuelaing.edu.co', 'sI6}=Elg<}Zg5IG<', '2929', 'Transversal 96 #76-18', TO_DATE('2023-01-01', 'YYYY-MM-DD'), TO_DATE('2023-01-15', 'YYYY-MM-DD'), '606060606060', 'A/8');

INSERT INTO ESTUDIANTES (idUsuario, nombre, correo, contrasena, telefono, direccion, fechaRegistro, fechaIngreso, documentoIdentidad, estadoAcademico)
VALUES  ('ESTU30', 'Estudiante 30', 'estudiante30@mail.escuelaing.edu.co', 'yQ6_W0z%T6/d?', '3030', 'Transversal 87 #84-34', TO_DATE('2023-01-01', 'YYYY-MM-DD'), TO_DATE('2023-01-15', 'YYYY-MM-DD'), '123456789111', 'A/8');

-- PROFESORES
INSERT INTO PROFESORES (idUsuario, nombre, correo, contrasena, telefono, direccion, fechaRegistro, experienciaAnos, tipoContrato)
VALUES ('PROF100000', 'Daniela Sepulveda Alzate', 'daniela.sepulveda@escuelaing.edu.co', 'aU7%z)/zjdDC', '0', 'Calle 45 #10-20', TO_DATE('2023-01-01', 'YYYY-MM-DD'), 0, 'Catedra');

INSERT INTO PROFESORES (idUsuario, nombre, correo, contrasena, telefono, direccion, fechaRegistro, experienciaAnos, tipoContrato)
VALUES ('PROF1000006664', 'Laura Catalina Herrera Correa', 'laura.herrera@escuelaing.edu.co', 'iR0''Hsw2r?/@m7ZR', '223', 'Carrera 106 #35-48', TO_DATE('2023-01-01', 'YYYY-MM-DD'), 0, 'Catedra');

INSERT INTO PROFESORES (idUsuario, nombre, correo, contrasena, telefono, direccion, fechaRegistro, experienciaAnos, tipoContrato)
VALUES ('PROF1067961563', 'Orlando Antonio Gelves', 'orlando.gelves@escuelaing.edu.co', 'xV3!TRwzbF', '00', 'Avenida 38 #100-31', TO_DATE('2023-01-01', 'YYYY-MM-DD'), 0, 'Catedra');

INSERT INTO PROFESORES (idUsuario, nombre, correo, contrasena, telefono, direccion, fechaRegistro, experienciaAnos, tipoContrato)
VALUES ('PROF1000007379', 'Carlos Andres Medina Rivas', 'carlos.medina-ri@escuelaing.edu.co', 'wF9/FAJ$', '000', 'Transversal 102 #81-28', TO_DATE('2023-01-01', 'YYYY-MM-DD'), 0, 'Catedra');

INSERT INTO PROFESORES (idUsuario, nombre, correo, contrasena, telefono, direccion, fechaRegistro, experienciaAnos, tipoContrato)
VALUES ('PROF1000003443', 'Maria Alejandra Goenaga Zamor', 'maria.goenaga@escuelaing.edu.co', 'jB7%pIc$@q?"', '0000000000', 'Transversal 120 #46-39', TO_DATE('2023-01-01', 'YYYY-MM-DD'), 0, 'Catedra');

INSERT INTO PROFESORES (idUsuario, nombre, correo, contrasena, telefono, direccion, fechaRegistro, experienciaAnos, tipoContrato)
VALUES ('PROF1000000407', 'María Irma Díaz Rozo', 'maria.diaz@escuelaing.edu.co', 'bI4\T|s_(', '220', 'Avenida 65 #88-8', TO_DATE('2023-01-01', 'YYYY-MM-DD'), 0, 'Planta');

INSERT INTO PROFESORES (idUsuario, nombre, correo, contrasena, telefono, direccion, fechaRegistro, experienciaAnos, tipoContrato)
VALUES ('PROF1000007948', 'Rodrigo Humberto Gualtero Martinez', 'rodrigo.gualtero-m@escuelaing.edu.co', 'oD6~u!hb584`', '0000', 'Diagonal 76 #89-32', TO_DATE('2023-01-01', 'YYYY-MM-DD'), 0, 'Catedra');

INSERT INTO PROFESORES (idUsuario, nombre, correo, contrasena, telefono, direccion, fechaRegistro, experienciaAnos, tipoContrato)
VALUES ('PROF1000007963', 'John David Ibañez Rodriguez', 'john.ibanez@escuelaing.edu.co', 'hI3`q4<5n1', '1193065771', 'Transversal 138 #40-34', TO_DATE('2023-01-01', 'YYYY-MM-DD'), 0, 'Catedra');

INSERT INTO PROFESORES (idUsuario, nombre, correo, contrasena, telefono, direccion, fechaRegistro, experienciaAnos, tipoContrato)
VALUES ('PROF1000012018', 'Angie Tatiana Medina Gil', 'angie.medina@escuelaing.edu.co', 'oM3.W__)M', '00000', 'Calle 110 #71-3', TO_DATE('2023-01-01', 'YYYY-MM-DD'), 0, 'Catedra');

INSERT INTO PROFESORES (idUsuario, nombre, correo, contrasena, telefono, direccion, fechaRegistro, experienciaAnos, tipoContrato)
VALUES ('PROF1000009295', 'Ana Maria Rincon Casallas', 'ana.rincon-c@escuelaing.edu.co', 'iS4)hU#0u', '1032503412', 'Calle 12 #35-6', TO_DATE('2023-01-01', 'YYYY-MM-DD'), 0, 'Catedra');

INSERT INTO PROFESORES (idUsuario, nombre, correo, contrasena, telefono, direccion, fechaRegistro, experienciaAnos, tipoContrato)
VALUES ('PROF1000005841', 'Santiago Rocha Duran', 'santiago.rocha@escuelaing.edu.co', 'eO1@BGuy', '1019136956', 'Carrera 10 #54-42', TO_DATE('2023-01-01', 'YYYY-MM-DD'), 0, 'Catedra');

INSERT INTO PROFESORES (idUsuario, nombre, correo, contrasena, telefono, direccion, fechaRegistro, experienciaAnos, tipoContrato)
VALUES ('PROF0', 'Alejandro Anzola Avila', 'alejandro.anzola@escuelaing.edu.co', 'aP1>K_?1,o\''', '000000', 'Circular 113 #55-13', TO_DATE('2023-01-01', 'YYYY-MM-DD'), 0, 'Catedra');

INSERT INTO PROFESORES (idUsuario, nombre, correo, contrasena, telefono, direccion, fechaRegistro, experienciaAnos, tipoContrato)
VALUES ('PROF1000003322', 'Sebastian Camilo Martinez Reyes', 'sebastian.martinez@escuelaing.edu.co', 'dU0(LYh`\n64w', '2230', 'Avenida 26 #70-49', TO_DATE('2023-01-01', 'YYYY-MM-DD'), 0, 'Catedra');

INSERT INTO PROFESORES (idUsuario, nombre, correo, contrasena, telefono, direccion, fechaRegistro, experienciaAnos, tipoContrato)
VALUES ('PROF00', 'Oscar David Ospina Rodriguez', 'oscar.ospina-r@escuelaing.edu.co', 'fB8=4N\g!,%|y', '00223', 'Circular 104 #23-44', TO_DATE('2023-01-01', 'YYYY-MM-DD'), 0, 'Catedra');

INSERT INTO PROFESORES (idUsuario, nombre, correo, contrasena, telefono, direccion, fechaRegistro, experienciaAnos, tipoContrato)
VALUES ('PROF000', 'Diego Andres Triviño Gonzalez', 'diego.trivino@escuelaing.edu.co', 'vA5|n1kbj2b22TV', '1000000', 'Diagonal 8 #49-38', TO_DATE('2023-01-01', 'YYYY-MM-DD'), 0, 'Catedra');

INSERT INTO PROFESORES (idUsuario, nombre, correo, contrasena, telefono, direccion, fechaRegistro, experienciaAnos, tipoContrato)
VALUES ('PROF0000', 'Javier Ivan Toquica Barrera', 'javier.toquica@escuelaing.edu.co', 'eC6\qtgtH', '0000000', 'Diagonal 92 #40-36', TO_DATE('2023-01-01', 'YYYY-MM-DD'), 0, 'Catedra');

INSERT INTO PROFESORES (idUsuario, nombre, correo, contrasena, telefono, direccion, fechaRegistro, experienciaAnos, tipoContrato)
VALUES ('PROF1000000666', 'Diego Alejandro Jara Arango', 'diego.jara@escuelaing.edu.co', 'xH0*sqvcC6G&Y', '0223', 'Transversal 40 #89-24', TO_DATE('2023-01-01', 'YYYY-MM-DD'), 0, 'Catedra');

INSERT INTO PROFESORES (idUsuario, nombre, correo, contrasena, telefono, direccion, fechaRegistro, experienciaAnos, tipoContrato)
VALUES ('PROF00000', 'Santiago Carrillo Barbosa', 'santiago.carrillo@escuelaing.edu.co', 'mK0}''7|}W9m1S6L', '00000000', 'Transversal 67 #9-38', TO_DATE('2023-01-01', 'YYYY-MM-DD'), 0, 'Catedra');

INSERT INTO PROFESORES (idUsuario, nombre, correo, contrasena, telefono, direccion, fechaRegistro, experienciaAnos, tipoContrato)
VALUES ('PROF1000004495', 'Ana Maria Cortes Murcia', 'ana.cortes@escuelaing.edu.co', 'vX0*#iq%0=.=', '000000000', 'Carrera 18 #90-18', TO_DATE('2023-01-01', 'YYYY-MM-DD'), 0, 'Catedra');

INSERT INTO PROFESORES (idUsuario, nombre, correo, contrasena, telefono, direccion, fechaRegistro, experienciaAnos, tipoContrato)
VALUES ('PROF1000009432', 'Diego Fernando Rodriguez Rodriguez', 'diego.rodriguez-r@escuelaing.edu.co', 'sU9.c8,#}_', '0000000001', 'Diagonal 38 #20-33', TO_DATE('2023-01-01', 'YYYY-MM-DD'), 0, 'Catedra');

INSERT INTO PROFESORES (idUsuario, nombre, correo, contrasena, telefono, direccion, fechaRegistro, experienciaAnos, tipoContrato)
VALUES ('PROF1000000143', 'Oswaldo Castillo Navetty', 'oswaldo.castillo@escuelaing.edu.co', 'oL6"1t~H', '371', 'Calle 104 #44-45', TO_DATE('2023-01-01', 'YYYY-MM-DD'), 0, 'Planta');

INSERT INTO PROFESORES (idUsuario, nombre, correo, contrasena, telefono, direccion, fechaRegistro, experienciaAnos, tipoContrato)
VALUES ('PROF1000000672', 'Luis Daniel Benavides Navarro', 'luis.benavides@escuelaing.edu.co', 'tR7&j{eeh*2ei', '0220', 'Transversal 90 #41-24', TO_DATE('2023-10-27', 'YYYY-MM-DD'), 0, 'Planta');

INSERT INTO PROFESORES (idUsuario, nombre, correo, contrasena, telefono, direccion, fechaRegistro, experienciaAnos, tipoContrato)
VALUES ('PROF1000000607', 'Gerardo Ospina Hernandez', 'gerardo.ospina@escuelaing.edu.co', 'qW1''ZrtuC"', '00220', 'Transversal 106 #20-38', TO_DATE('2023-01-01', 'YYYY-MM-DD'), 0, 'Planta');

INSERT INTO PROFESORES (idUsuario, nombre, correo, contrasena, telefono, direccion, fechaRegistro, experienciaAnos, tipoContrato)
VALUES ('PROF1000000451', 'Claudia Patricia Santiago Cely', 'claudia.santiago@escuelaing.edu.co', 'zQ6#`qPmJy)@w', '377', 'Diagonal 123 #57-49', TO_DATE('2023-01-01', 'YYYY-MM-DD'), 0, 'Planta');

INSERT INTO PROFESORES (idUsuario, nombre, correo, contrasena, telefono, direccion, fechaRegistro, experienciaAnos, tipoContrato)
VALUES ('PROF1000010723', 'John Alexander Pachon Pinzon', 'john.pachon@escuelaing.edu.co', 'qN9''ENMNi)hL1?8', '10', 'Carrera 64 #36-9', TO_DATE('2023-01-01', 'YYYY-MM-DD'), 0, 'Catedra');

INSERT INTO PROFESORES (idUsuario, nombre, correo, contrasena, telefono, direccion, fechaRegistro, experienciaAnos, tipoContrato)
VALUES ('PROF000000', 'Fabian Eduardo Sierra Sanchez', 'fabian.sierra@escuelaing.edu.co', 'yB0(P~H0?g''j&', '0000000002', 'Calle 78 #59-17', TO_DATE('2023-01-01', 'YYYY-MM-DD'), 0, 'Catedra');

INSERT INTO PROFESORES (idUsuario, nombre, correo, contrasena, telefono, direccion, fechaRegistro, experienciaAnos, tipoContrato)
VALUES ('PROF1000002175', 'Diego Alejandro Murcia Cespedes', 'diego.murcia@escuelaing.edu.co', 'gJ9\A_<EKq|', '1004678728', 'Diagonal 90 #87-18', TO_DATE('2023-01-01', 'YYYY-MM-DD'), 0, 'Catedra');

INSERT INTO PROFESORES (idUsuario, nombre, correo, contrasena, telefono, direccion, fechaRegistro, experienciaAnos, tipoContrato)
VALUES ('PROF1000000264', 'Raul Alfredo Chaparro Aguilar', 'raul.chaparro@escuelaing.edu.co', 'yE7&4,x_Dv', '000223', 'Avenida 136 #73-37', TO_DATE('2023-01-01', 'YYYY-MM-DD'), 0, 'Planta');

INSERT INTO PROFESORES (idUsuario, nombre, correo, contrasena, telefono, direccion, fechaRegistro, experienciaAnos, tipoContrato)
VALUES ('PROF1000000860', 'Juan Esteban Cortes Garzon', 'juan.cortes@escuelaing.edu.co', 'uH3,<DjxG`\!H}dP', '317', 'Diagonal 82 #8-42', TO_DATE('2023-01-01', 'YYYY-MM-DD'), 0, 'Planta');

INSERT INTO PROFESORES (idUsuario, nombre, correo, contrasena, telefono, direccion, fechaRegistro, experienciaAnos, tipoContrato)
VALUES ('PROF1000000929', 'Daniela Andrea Perez Velasco', 'daniela.perez@escuelaing.edu.co', 'cC5{T/f3N_Yi', '321', 'Calle 18 #62-27', TO_DATE('2023-01-01', 'YYYY-MM-DD'),  0, 'Catedra');

-- DIRECTORES
INSERT INTO DIRECTORES (idUsuario, nombre, correo, contrasena, telefono, direccion, fechaRegistro, fechaNombramiento, nivelJerarquico, informesGenerados, presupuestoAsignados)
VALUES ('DIRE1000000563', 'Nancy Torres Castellanos', 'nancy.torres@escuelaing.edu.co', 'bC5>{!Qh4&20Vjd', '539/228', 'Carrera 106 #35-48', TO_DATE('2025-04-20', 'YYYY-MM-DD'), TO_DATE('2022-06-15', 'YYYY-MM-DD'), 1, 'http://example.com/report1', 15432.50);

INSERT INTO DIRECTORES (idUsuario, nombre, correo, contrasena, telefono, direccion, fechaRegistro, fechaNombramiento, nivelJerarquico, informesGenerados, presupuestoAsignados)
VALUES ('DIRE1000000334', 'Lina Ximena Garzón Avila', 'lina.garzon@escuelaing.edu.co', 'mJ4~S7\0gY', '581', 'Avenida 38 #100-31', TO_DATE('2025-05-05', 'YYYY-MM-DD'), TO_DATE('2023-11-20', 'YYYY-MM-DD'), 2, 'http://example.com/report2', 789423.90);

INSERT INTO DIRECTORES (idUsuario, nombre, correo, contrasena, telefono, direccion, fechaRegistro, fechaNombramiento, nivelJerarquico, informesGenerados, presupuestoAsignados)
VALUES ('DIRE1000000597', 'Héctor Alfonso Rodríguez Díaz', 'alfonso.rodriguez@escuelaing.edu.co', 'hG4$FE{B>bVo*hev', '218', 'Transversal 102 #81-28', TO_DATE('2025-04-28', 'YYYY-MM-DD'), TO_DATE('2021-04-10', 'YYYY-MM-DD'), 3, 'http://example.com/report3', 982300.00);

INSERT INTO DIRECTORES (idUsuario, nombre, correo, contrasena, telefono, direccion, fechaRegistro, fechaNombramiento, nivelJerarquico, informesGenerados, presupuestoAsignados)
VALUES ('DIRE1000000466', 'Paula Ximena Ríos Reyes', 'paula.rios@escuelaing.edu.co', 'zN6#h24"y80', '588', 'Transversal 120 #46-39', TO_DATE('2025-05-10', 'YYYY-MM-DD'), TO_DATE('2024-03-23', 'YYYY-MM-DD'), 1, 'http://example.com/report4', 654200.75);

INSERT INTO DIRECTORES (idUsuario, nombre, correo, contrasena, telefono, direccion, fechaRegistro, fechaNombramiento, nivelJerarquico, informesGenerados, presupuestoAsignados)
VALUES ('DIRE1000000193', 'Jairo Alberto Romero Rojas', 'jairo.romero@escuelaing.edu.co', 'wM8*1/3mNzFf|Gy', '234', 'Avenida 65 #88-8', TO_DATE('2025-04-17', 'YYYY-MM-DD'), TO_DATE('2020-12-01', 'YYYY-MM-DD'), 2, 'http://example.com/report5', 1025400.30);

INSERT INTO DIRECTORES (idUsuario, nombre, correo, contrasena, telefono, direccion, fechaRegistro, fechaNombramiento, nivelJerarquico, informesGenerados, presupuestoAsignados)
VALUES ('DIRE1000000226', 'Hugo Iván Forero Bernal', 'hugo.forero@escuelaing.edu.co', 'hN5.,1OhyXZ3H', '369', 'Diagonal 64 #11-30', TO_DATE('2025-04-26', 'YYYY-MM-DD'), TO_DATE('2021-09-19', 'YYYY-MM-DD'), 1, 'http://example.com/report6', 45567.45);

INSERT INTO DIRECTORES (idUsuario, nombre, correo, contrasena, telefono, direccion, fechaRegistro, fechaNombramiento, nivelJerarquico, informesGenerados, presupuestoAsignados)
VALUES ('DIRE1000000436', 'Victoria Eugenia Ospina Becerra', 'victoria.ospina@escuelaing.edu.co', 'aU4$''Y\Q\b+', '156', 'Calle 33 #60-39', TO_DATE('2025-05-03', 'YYYY-MM-DD'), TO_DATE('2023-01-29', 'YYYY-MM-DD'), 3, 'http://example.com/report7', 3103000.00);

INSERT INTO DIRECTORES (idUsuario, nombre, correo, contrasena, telefono, direccion, fechaRegistro, fechaNombramiento, nivelJerarquico, informesGenerados, presupuestoAsignados)
VALUES ('DIRE1000000451', 'Claudia Patricia Santiago Cely', 'claudia.santiago@escuelaing.edu.co', 'qD4)#67Lj+qCOz5', '377', 'Diagonal 1 #4-18', TO_DATE('2025-04-25', 'YYYY-MM-DD'), TO_DATE('2022-07-15', 'YYYY-MM-DD'), 2, 'http://example.com/report8', 99800.00);

INSERT INTO DIRECTORES (idUsuario, nombre, correo, contrasena, telefono, direccion, fechaRegistro, fechaNombramiento, nivelJerarquico, informesGenerados, presupuestoAsignados)
VALUES ('DIRE1000000803', 'Wilmer Edicson Garzón Alfonso', 'wilmer.garzon@escuelaing.edu.co', 'yD3_G<p=Id72''O', '555', 'Diagonal 88 #57-10', TO_DATE('2025-04-19', 'YYYY-MM-DD'), TO_DATE('2020-10-20', 'YYYY-MM-DD'), 1, 'http://example.com/report9', 75500.30);

INSERT INTO DIRECTORES (idUsuario, nombre, correo, contrasena, telefono, direccion, fechaRegistro, fechaNombramiento, nivelJerarquico, informesGenerados, presupuestoAsignados)
VALUES ('DIRE1000000617', 'Hugo René Sarmiento Espinosa', 'hugo.sarmiento@escuelaing.edu.co', 'gV9{''oKf', '163', 'Circular 35 #11-27', TO_DATE('2025-05-07', 'YYYY-MM-DD'), TO_DATE('2021-06-06', 'YYYY-MM-DD'), 3, 'http://example.com/report10', 158340.55);

INSERT INTO DIRECTORES (idUsuario, nombre, correo, contrasena, telefono, direccion, fechaRegistro, fechaNombramiento, nivelJerarquico, informesGenerados, presupuestoAsignados)
VALUES ('DIRE1000000442', 'Luz Angélica Rodríguez Bello', 'angelica.rodriguez@escuelaing.edu.co', 'yA2{I!u=)wIGf''$D', '254314', 'Calle 95 #64-19', TO_DATE('2025-04-22', 'YYYY-MM-DD'), TO_DATE('2023-04-05', 'YYYY-MM-DD'), 2, 'http://example.com/report11', 495900.75);

INSERT INTO DIRECTORES (idUsuario, nombre, correo, contrasena, telefono, direccion, fechaRegistro, fechaNombramiento, nivelJerarquico, informesGenerados, presupuestoAsignados)
VALUES ('DIRE1000000', 'Adriana Esguerra Arce', 'adriana.esguerra@escuelaing.edu.co', 'yV6#Z><","', '0', 'Avenida 9 #32-39', TO_DATE('2025-05-02', 'YYYY-MM-DD'), TO_DATE('2021-11-30', 'YYYY-MM-DD'), 1, 'http://example.com/report12', 1000000.00);

INSERT INTO DIRECTORES (idUsuario, nombre, correo, contrasena, telefono, direccion, fechaRegistro, fechaNombramiento, nivelJerarquico, informesGenerados, presupuestoAsignados)
VALUES ('DIRE1000000667', 'Alexander Pérez Ruiz', 'alexander.perez@escuelaing.edu.co', 'iA4<8uz"!r0g3CzZ', '330', 'Diagonal 110 #66-45', TO_DATE('2025-05-06', 'YYYY-MM-DD'), TO_DATE('2022-08-15', 'YYYY-MM-DD'), 3, 'http://example.com/report13', 765430.45);

INSERT INTO DIRECTORES (idUsuario, nombre, correo, contrasena, telefono, direccion, fechaRegistro, fechaNombramiento, nivelJerarquico, informesGenerados, presupuestoAsignados)
VALUES ('DIRE1000000321', 'Nubia Edith Cárdenas Zabala', 'nubia.cardenas@escuelaing.edu.co', 'wU4_|>yo22CX6''', '530', 'Calle 133 #90-20', TO_DATE('2025-04-30', 'YYYY-MM-DD'), TO_DATE('2024-02-22', 'YYYY-MM-DD'), 1, 'http://example.com/report14', 432200.00);

INSERT INTO DIRECTORES (idUsuario, nombre, correo, contrasena, telefono, direccion, fechaRegistro, fechaNombramiento, nivelJerarquico, informesGenerados, presupuestoAsignados)
VALUES ('DIRE1000000578', 'Carlos Andrés Pérez Tristancho', 'carlos.perez@escuelaing.edu.co', 'bB3"S_(owzhh$yk/', '5300', 'Avenida 19 #46-31', TO_DATE('2025-05-04', 'YYYY-MM-DD'), TO_DATE('2020-07-18', 'YYYY-MM-DD'), 2, 'http://example.com/report15', 302140.30);

INSERT INTO DIRECTORES (idUsuario, nombre, correo, contrasena, telefono, direccion, fechaRegistro, fechaNombramiento, nivelJerarquico, informesGenerados, presupuestoAsignados)
VALUES ('DIRE1000000242', 'Juan Antonio Acosta Gempeler', 'juan.acosta@escuelaing.edu.co', 'fW5,`cZt{$gK(3E)', '378', 'Avenida 84 #39-1', TO_DATE('2025-05-01', 'YYYY-MM-DD'), TO_DATE('2023-03-11', 'YYYY-MM-DD'), 3, 'http://example.com/report16', 820000.00);

INSERT INTO DIRECTORES (idUsuario, nombre, correo, contrasena, telefono, direccion, fechaRegistro, fechaNombramiento, nivelJerarquico, informesGenerados, presupuestoAsignados)
VALUES ('DIRE1000000169', 'Luis Eduardo Rodríguez Cheu', 'luis.rodriguez@escuelaing.edu.co', 'nH7%|2ZT*H,', '208', 'Diagonal 94 #3-46', TO_DATE('2025-04-29', 'YYYY-MM-DD'), TO_DATE('2021-12-27', 'YYYY-MM-DD'), 1, 'http://example.com/report17', 125400.75);

INSERT INTO DIRECTORES (idUsuario, nombre, correo, contrasena, telefono, direccion, fechaRegistro, fechaNombramiento, nivelJerarquico, informesGenerados, presupuestoAsignados)
VALUES ('DIRE1000000622', 'Hector Jaime Martínez Covaleda', 'hector.martinez@escuelaing.edu.co', 'eR1(aOdBv3(%C#!', '148', 'Avenida 40 #19-42', TO_DATE('2025-05-08', 'YYYY-MM-DD'), TO_DATE('2022-05-30', 'YYYY-MM-DD'), 3, 'http://example.com/report18', 98000.00);

INSERT INTO DIRECTORES (idUsuario, nombre, correo, contrasena, telefono, direccion, fechaRegistro, fechaNombramiento, nivelJerarquico, informesGenerados, presupuestoAsignados)
VALUES ('DIRE1000000800', 'Juan Carlos Illera Correal', 'juan.illera@escuelaing.edu.co', 'cB8(IO0,=%%j', '154', 'Transversal 48 #89-25', TO_DATE('2025-04-18', 'YYYY-MM-DD'), TO_DATE('2024-01-15', 'YYYY-MM-DD'), 2, 'http://example.com/report19', 75900.30);

INSERT INTO DIRECTORES (idUsuario, nombre, correo, contrasena, telefono, direccion, fechaRegistro, fechaNombramiento, nivelJerarquico, informesGenerados, presupuestoAsignados)
VALUES ('DIRE1000000113', 'Carlos Abel Álvarez Pérez', 'carlos.alvarez@escuelaing.edu.co', 'fT0`Ltt1p`J>', '391', 'Calle 146 #71-2', TO_DATE('2025-05-09', 'YYYY-MM-DD'), TO_DATE('2020-09-10', 'YYYY-MM-DD'), 1, 'http://example.com/report20', 200000.55);

INSERT INTO DIRECTORES (idUsuario, nombre, correo, contrasena, telefono, direccion, fechaRegistro, fechaNombramiento, nivelJerarquico, informesGenerados, presupuestoAsignados)
VALUES ('DIRE1000000564', 'Martha Edith Rolón Ramírez', 'martha.rolon@escuelaing.edu.co', 'hO3\1Z~FCm', '599', 'Carrera 27 #41-30', TO_DATE('2025-04-21', 'YYYY-MM-DD'), TO_DATE('2023-10-12', 'YYYY-MM-DD'), 2, 'http://example.com/report21', 478300.00);

INSERT INTO DIRECTORES (idUsuario, nombre, correo, contrasena, telefono, direccion, fechaRegistro, fechaNombramiento, nivelJerarquico, informesGenerados, presupuestoAsignados)
VALUES ('DIRE1000000324', 'Yuly Andrea Sanchez Londoño', 'yuly.sanchez@escuelaing.edu.co', 'tM7&Xwys{Fr', '000', 'Transversal 52 #88-34', TO_DATE('2025-05-05', 'YYYY-MM-DD'), TO_DATE('2021-05-09', 'YYYY-MM-DD'), 3, 'http://example.com/report22', 123400.00);

INSERT INTO DIRECTORES (idUsuario, nombre, correo, contrasena, telefono, direccion, fechaRegistro, fechaNombramiento, nivelJerarquico, informesGenerados, presupuestoAsignados)
VALUES ('DIRE1000000986', 'Yesid Esteban Clavijo Penagos', 'yesid.clavijo@escuelaing.edu.co', 'hN2)jSl0\LJ}UA''6', '578', 'Transversal 116 #12-9', TO_DATE('2025-04-23', 'YYYY-MM-DD'), TO_DATE('2022-03-21', 'YYYY-MM-DD'), 1, 'http://example.com/report23', 89000.75);

INSERT INTO DIRECTORES (idUsuario, nombre, correo, contrasena, telefono, direccion, fechaRegistro, fechaNombramiento, nivelJerarquico, informesGenerados, presupuestoAsignados)
VALUES ('DIRE1000000294', 'Claudia Patricia Castañeda Bermudez', 'patricia.castaneda@escuelaing.edu.co', 'dZ9~Apv2Um', '220', 'Transversal 11 #43-8', TO_DATE('2025-04-20', 'YYYY-MM-DD'), TO_DATE('2020-11-25', 'YYYY-MM-DD'), 2, 'http://example.com/report24', 220000.30);

INSERT INTO DIRECTORES (idUsuario, nombre, correo, contrasena, telefono, direccion, fechaRegistro, fechaNombramiento, nivelJerarquico, informesGenerados, presupuestoAsignados)
VALUES ('DIRE1000007948', 'Rodrigo Humberto Gualtero Martinez', 'rodrigo.gualtero-m@escuelaing.edu.co', 'fS7}UCi7@U', '0000', 'Carrera 80 #69-9', TO_DATE('2025-05-10', 'YYYY-MM-DD'), TO_DATE('2023-07-14', 'YYYY-MM-DD'), 3, 'http://example.com/report25', 995500.00);

INSERT INTO DIRECTORES (idUsuario, nombre, correo, contrasena, telefono, direccion, fechaRegistro, fechaNombramiento, nivelJerarquico, informesGenerados, presupuestoAsignados)
VALUES ('DIRE1000000758', 'Juan Carlos Lopera Tellez>', 'juan.lopera@escuelaing.edu.co', 'fG0\9TXWB2{,1', '361', 'Carrera 56 #59-4', TO_DATE('2025-04-24', 'YYYY-MM-DD'), TO_DATE('2021-02-01', 'YYYY-MM-DD'), 1, 'http://example.com/report26', 57000.90);

INSERT INTO DIRECTORES (idUsuario, nombre, correo, contrasena, telefono, direccion, fechaRegistro, fechaNombramiento, nivelJerarquico, informesGenerados, presupuestoAsignados)
VALUES ('DIRE1000000403', 'Daissy Haidee Garces Najar', 'daissy.garces@escuelaing.edu.co', 'vP7''kTyr&&!O?><F', '124', 'Calle 55 #80-23', TO_DATE('2025-04-28', 'YYYY-MM-DD'), TO_DATE('2022-11-03', 'YYYY-MM-DD'), 2, 'http://example.com/report27', 45000.00);

INSERT INTO DIRECTORES (idUsuario, nombre, correo, contrasena, telefono, direccion, fechaRegistro, fechaNombramiento, nivelJerarquico, informesGenerados, presupuestoAsignados)
VALUES ('DIRE1000000685', 'Weimar Henry Roncancio Torres', 'weimar.roncancio@escuelaing.edu.co', 'nN7{Zvi.', '281', 'Transversal 45 #20-42', TO_DATE('2025-05-07', 'YYYY-MM-DD'), TO_DATE('2024-06-22', 'YYYY-MM-DD'), 3, 'http://example.com/report28', 1020000.50);

INSERT INTO DIRECTORES (idUsuario, nombre, correo, contrasena, telefono, direccion, fechaRegistro, fechaNombramiento, nivelJerarquico, informesGenerados, presupuestoAsignados)
VALUES ('DICE028', 'Director Ejemplo 1', 'director1@escuelaing.edu.co', 'securePass1', '1234567890', 'Calle 1 #1-1', TO_DATE('2025-04-19', 'YYYY-MM-DD'), TO_DATE('2020-08-18', 'YYYY-MM-DD'), 1, 'http://example.com/report29', 54300.20);

INSERT INTO DIRECTORES (idUsuario, nombre, correo, contrasena, telefono, direccion, fechaRegistro, fechaNombramiento, nivelJerarquico, informesGenerados, presupuestoAsignados)
VALUES ('DICE029', 'Director Ejemplo 2', 'director2@escuelaing.edu.co', 'securePass2', '0987654321', 'Calle 2 #2-2', TO_DATE('2025-05-03', 'YYYY-MM-DD'), TO_DATE('2023-02-25', 'YYYY-MM-DD'), 2, 'http://example.com/report30', 77500.00);

-- PROGRAMASACADEMICOS
INSERT INTO PROGRAMASACADEMICOS (idPrograma, nombre, duracionSemestres)
VALUES ('ICIV', 'Ingeniería Civil', 10);

INSERT INTO PROGRAMASACADEMICOS (idPrograma, nombre, duracionSemestres)
VALUES ('IAMB', 'Ingeniería Ambiental', 10);

INSERT INTO PROGRAMASACADEMICOS (idPrograma, nombre, duracionSemestres)
VALUES ('IEST', 'Ingeniería Estadística', 10);

INSERT INTO PROGRAMASACADEMICOS (idPrograma, nombre, duracionSemestres)
VALUES ('IELE', 'Ingeniería Eléctrica', 10);

INSERT INTO PROGRAMASACADEMICOS (idPrograma, nombre, duracionSemestres)
VALUES ('ISIS', 'Ingeniería de Sistemas', 10);

INSERT INTO PROGRAMASACADEMICOS (idPrograma, nombre, duracionSemestres)
VALUES ('IIND', 'Ingeniería Industrial', 10);

INSERT INTO PROGRAMASACADEMICOS (idPrograma, nombre, duracionSemestres)
VALUES ('IELC', 'Ingeniería Electrónica', 10);

INSERT INTO PROGRAMASACADEMICOS (idPrograma, nombre, duracionSemestres)
VALUES ('ECON', 'Economía', 9);

INSERT INTO PROGRAMASACADEMICOS (idPrograma, nombre, duracionSemestres)
VALUES ('ADMI', 'Administración de Empresas',9);

INSERT INTO PROGRAMASACADEMICOS (idPrograma, nombre, duracionSemestres)
VALUES ('MATE', 'Matemáticas', 10);

INSERT INTO PROGRAMASACADEMICOS (idPrograma, nombre, duracionSemestres)
VALUES ('IMEC', 'Ingeniería Mecánica',10);

INSERT INTO PROGRAMASACADEMICOS (idPrograma, nombre, duracionSemestres)
VALUES ('IBIO', 'Ingeniería Biomédica', 10);

INSERT INTO PROGRAMASACADEMICOS (idPrograma, nombre, duracionSemestres)
VALUES ('IBIT', 'Ingeniería en Biotecnología', 8);

INSERT INTO PROGRAMASACADEMICOS (idPrograma, nombre, duracionSemestres)
VALUES ('IIAR', 'Ingeniería de Inteligencia Artificial', 8);

INSERT INTO PROGRAMASACADEMICOS (idPrograma, nombre, duracionSemestres)
VALUES ('ICIB', 'Ingeniería de Ciberseguridad', 8);

INSERT INTO PROGRAMASACADEMICOS (idPrograma, nombre, duracionSemestres)
VALUES ('PRAC016', 'Programa Académico 16', 5);

INSERT INTO PROGRAMASACADEMICOS (idPrograma, nombre, duracionSemestres)
VALUES ('PRAC017', 'Programa Académico 17', 6);

INSERT INTO PROGRAMASACADEMICOS (idPrograma, nombre, duracionSemestres)
VALUES ('PRAC018', 'Programa Académico 18', 7);

INSERT INTO PROGRAMASACADEMICOS (idPrograma, nombre, duracionSemestres)
VALUES ('PRAC019', 'Programa Académico 19', 7);

INSERT INTO PROGRAMASACADEMICOS (idPrograma, nombre, duracionSemestres)
VALUES ('PRAC020', 'Programa Académico 20', 6);

INSERT INTO PROGRAMASACADEMICOS (idPrograma, nombre, duracionSemestres)
VALUES ('PRAC021', 'Programa Académico 21', 5);

INSERT INTO PROGRAMASACADEMICOS (idPrograma, nombre, duracionSemestres)
VALUES ('PRAC022', 'Programa Académico 22', 4);

INSERT INTO PROGRAMASACADEMICOS (idPrograma, nombre, duracionSemestres)
VALUES ('PRAC023', 'Programa Académico 23', 4);

INSERT INTO PROGRAMASACADEMICOS (idPrograma, nombre, duracionSemestres)
VALUES ('PRAC024', 'Programa Académico 24', 5);

INSERT INTO PROGRAMASACADEMICOS (idPrograma, nombre, duracionSemestres)
VALUES ('PRAC025', 'Programa Académico 25', 6);

INSERT INTO PROGRAMASACADEMICOS (idPrograma, nombre, duracionSemestres)
VALUES ('PRAC026', 'Programa Académico 26', 7);

INSERT INTO PROGRAMASACADEMICOS (idPrograma, nombre, duracionSemestres)
VALUES ('PRAC027', 'Programa Académico 27', 12);

INSERT INTO PROGRAMASACADEMICOS (idPrograma, nombre, duracionSemestres)
VALUES ('PRAC028', 'Programa Académico 28', 11);

INSERT INTO PROGRAMASACADEMICOS (idPrograma, nombre, duracionSemestres)
VALUES ('PRAC029', 'Programa Académico 29', 13);

INSERT INTO PROGRAMASACADEMICOS (idPrograma, nombre, duracionSemestres)
VALUES ('PRAC030', 'Programa Académico 30', 2);

-- CENTROSDEESTUDIOS
INSERT INTO CENTROSDEESTUDIOS (idCentroEstudios, nombre, idDirector, idProgramaAcademico)
VALUES ('CENT1', 'Estructuras, Materiales y Construcción', 'DIRE1000000563', 'ICIV');

INSERT INTO CENTROSDEESTUDIOS (idCentroEstudios, nombre, idDirector, idProgramaAcademico)
VALUES ('CENT2', 'Geotécnicos', 'DIRE1000000334', 'ICIV');

INSERT INTO CENTROSDEESTUDIOS (idCentroEstudios, nombre, idDirector, idProgramaAcademico)
VALUES ('CENT3', 'Hidráulicos', 'DIRE1000000597', 'ICIV');

INSERT INTO CENTROSDEESTUDIOS (idCentroEstudios, nombre, idDirector, idProgramaAcademico)
VALUES ('CENT4', 'Vías y Transporte', 'DIRE1000000466', 'ICIV');

INSERT INTO CENTROSDEESTUDIOS (idCentroEstudios, nombre, idDirector, idProgramaAcademico)
VALUES ('CENT5', 'Ambientales', 'DIRE1000000193', 'IAMB');

INSERT INTO CENTROSDEESTUDIOS (idCentroEstudios, nombre, idDirector, idProgramaAcademico)
VALUES ('CENT6', 'Energía', 'DIRE1000000226', 'IELE');

INSERT INTO CENTROSDEESTUDIOS (idCentroEstudios, nombre, idDirector, idProgramaAcademico)
VALUES ('CENT7', 'Datos, Tecnología y Sociedad', 'DIRE1000000436', 'ISIS');

INSERT INTO CENTROSDEESTUDIOS (idCentroEstudios, nombre, idDirector, idProgramaAcademico)
VALUES ('CENT8', 'Arquitectura Tecnológica y Seguridad', 'DIRE1000000451', 'ISIS');

INSERT INTO CENTROSDEESTUDIOS (idCentroEstudios, nombre, idDirector, idProgramaAcademico)
VALUES ('CENT9', 'Ingeniería de Software', 'DIRE1000000451', 'ISIS');

INSERT INTO CENTROSDEESTUDIOS (idCentroEstudios, nombre, idDirector, idProgramaAcademico)
VALUES ('CENT10', 'Fundamentos de la Computación', 'DIRE1000000803', 'ISIS');

INSERT INTO CENTROSDEESTUDIOS (idCentroEstudios, nombre, idDirector, idProgramaAcademico)
VALUES ('CENT11', 'Gestión y Optimización de Operaciones', 'DIRE1000000617', 'IIND');

INSERT INTO CENTROSDEESTUDIOS (idCentroEstudios, nombre, idDirector, idProgramaAcademico)
VALUES ('CENT12', 'Sistemas de Gestión', 'DIRE1000000442', 'IIND');

INSERT INTO CENTROSDEESTUDIOS (idCentroEstudios, nombre, idDirector, idProgramaAcademico)
VALUES ('CENT13', 'Gestión de Tecnología e Innovación', 'DIRE1000000', 'IIND');

INSERT INTO CENTROSDEESTUDIOS (idCentroEstudios, nombre, idDirector, idProgramaAcademico)
VALUES ('CENT14', 'Electrónicos', 'DIRE1000000667', 'IELC');

INSERT INTO CENTROSDEESTUDIOS (idCentroEstudios, nombre, idDirector, idProgramaAcademico)
VALUES ('CENT15', 'Diseño de Elementos y Sistemas Mecánicos', 'DIRE1000000321', 'IMEC');

INSERT INTO CENTROSDEESTUDIOS (idCentroEstudios, nombre, idDirector, idProgramaAcademico)
VALUES ('CENT16', 'Procesos para Fabricación de Elementos Mecánicos', 'DIRE1000000578', 'IMEC');

INSERT INTO CENTROSDEESTUDIOS (idCentroEstudios, nombre, idDirector, idProgramaAcademico)
VALUES ('CENT17', 'Sistemas Térmicos y Mecánicos', 'DIRE1000000242', 'IMEC');

INSERT INTO CENTROSDEESTUDIOS (idCentroEstudios, nombre, idDirector, idProgramaAcademico)
VALUES ('CENT18', 'Biomédica y Biotecnología', 'DIRE1000000169', 'IBIO');

INSERT INTO CENTROSDEESTUDIOS (idCentroEstudios, nombre, idDirector, idProgramaAcademico)
VALUES ('CENT19', 'Oikonomía', 'DIRE1000000622', 'ECON');

INSERT INTO CENTROSDEESTUDIOS (idCentroEstudios, nombre, idDirector, idProgramaAcademico)
VALUES ('CENT20', 'Gerencia y Transformación Empresarial', 'DIRE1000000800', 'ADMI');

INSERT INTO CENTROSDEESTUDIOS (idCentroEstudios, nombre, idDirector, idProgramaAcademico)
VALUES ('CENT21', 'Ciencias Exactas', 'DIRE1000000113', 'MATE');

INSERT INTO CENTROSDEESTUDIOS (idCentroEstudios, nombre, idDirector, idProgramaAcademico)
VALUES ('CENT22', 'Unidad de Proyectos', 'DIRE1000000564', 'PRAC018');

INSERT INTO CENTROSDEESTUDIOS (idCentroEstudios, nombre, idDirector, idProgramaAcademico)
VALUES ('CENT023', 'Centro 23', 'DICE028', 'PRAC019');

INSERT INTO CENTROSDEESTUDIOS (idCentroEstudios, nombre, idDirector, idProgramaAcademico)
VALUES ('CENT024', 'Centro 24', 'DICE029', 'PRAC019');

INSERT INTO CENTROSDEESTUDIOS (idCentroEstudios, nombre, idDirector, idProgramaAcademico)
VALUES ('CENT025', 'Centro 25', 'DICE028', 'PRAC019');

INSERT INTO CENTROSDEESTUDIOS (idCentroEstudios, nombre, idDirector, idProgramaAcademico)
VALUES ('CENT026', 'Centro 26', 'DICE029', 'PRAC019');

INSERT INTO CENTROSDEESTUDIOS (idCentroEstudios, nombre, idDirector, idProgramaAcademico)
VALUES ('CENT027', 'Centro 27', 'DICE028', 'PRAC019');

INSERT INTO CENTROSDEESTUDIOS (idCentroEstudios, nombre, idDirector, idProgramaAcademico)
VALUES ('CENT028', 'Centro 28', 'DICE029', 'PRAC019');

INSERT INTO CENTROSDEESTUDIOS (idCentroEstudios, nombre, idDirector, idProgramaAcademico)
VALUES ('CENT029', 'Centro 29', 'DICE028', 'PRAC019');

INSERT INTO CENTROSDEESTUDIOS (idCentroEstudios, nombre, idDirector, idProgramaAcademico)
VALUES ('CENT030', 'Bienestar Universitario', 'DICE029', 'PRAC030');

-- DEPARTAMENTOS
INSERT INTO DEPARTAMENTOS (idDepartamento, nombre, idDirector)
VALUES ('HUMA', 'Humanidades e Idiomas', 'DIRE1000000758');

INSERT INTO DEPARTAMENTOS (idDepartamento, nombre, idDirector)
VALUES ('FISI', 'Ciencias Naturales', 'DIRE1000000403');

INSERT INTO DEPARTAMENTOS (idDepartamento, nombre, idDirector)
VALUES ('MATE', 'Matemáticas', 'DIRE1000000685');

INSERT INTO DEPARTAMENTOS (idDepartamento, nombre, idDirector)
VALUES ('DEPA004', 'Departamento 4', 'DICE028');

INSERT INTO DEPARTAMENTOS (idDepartamento, nombre, idDirector)
VALUES ('DEPA005', 'Departamento 5', 'DICE029');

INSERT INTO DEPARTAMENTOS (idDepartamento, nombre, idDirector)
VALUES ('DEPA006', 'Departamento 6', 'DICE028');

INSERT INTO DEPARTAMENTOS (idDepartamento, nombre, idDirector)
VALUES ('DEPA007', 'Departamento 7', 'DICE029');

INSERT INTO DEPARTAMENTOS (idDepartamento, nombre, idDirector)
VALUES ('DEPA008', 'Departamento 8', 'DICE028');

INSERT INTO DEPARTAMENTOS (idDepartamento, nombre, idDirector)
VALUES ('DEPA009', 'Departamento 9', 'DICE029');

INSERT INTO DEPARTAMENTOS (idDepartamento, nombre, idDirector)
VALUES ('DEPA010', 'Departamento 10', 'DICE028');

INSERT INTO DEPARTAMENTOS (idDepartamento, nombre, idDirector)
VALUES ('DEPA011', 'Departamento 11', 'DICE029');

INSERT INTO DEPARTAMENTOS (idDepartamento, nombre, idDirector)
VALUES ('DEPA012', 'Departamento 12', 'DICE029');

INSERT INTO DEPARTAMENTOS (idDepartamento, nombre, idDirector)
VALUES ('DEPA013', 'Departamento 13', 'DICE029');

INSERT INTO DEPARTAMENTOS (idDepartamento, nombre, idDirector)
VALUES ('DEPA014', 'Departamento 14', 'DICE029');

INSERT INTO DEPARTAMENTOS (idDepartamento, nombre, idDirector)
VALUES ('DEPA015', 'Departamento 15', 'DICE028');

INSERT INTO DEPARTAMENTOS (idDepartamento, nombre, idDirector)
VALUES ('DEPA016', 'Departamento 16', 'DICE029');

INSERT INTO DEPARTAMENTOS (idDepartamento, nombre, idDirector)
VALUES ('DEPA017', 'Departamento 17', 'DICE028');

INSERT INTO DEPARTAMENTOS (idDepartamento, nombre, idDirector)
VALUES ('DEPA018', 'Departamento 18', 'DICE029');

INSERT INTO DEPARTAMENTOS (idDepartamento, nombre, idDirector)
VALUES ('DEPA019', 'Departamento 19', 'DICE028');

INSERT INTO DEPARTAMENTOS (idDepartamento, nombre, idDirector)
VALUES ('DEPA020', 'Departamento 20', 'DICE029');

INSERT INTO DEPARTAMENTOS (idDepartamento, nombre, idDirector)
VALUES ('DEPA021', 'Departamento 21', 'DICE028');

INSERT INTO DEPARTAMENTOS (idDepartamento, nombre, idDirector)
VALUES ('DEPA022', 'Departamento 22', 'DICE029');

INSERT INTO DEPARTAMENTOS (idDepartamento, nombre, idDirector)
VALUES ('DEPA023', 'Departamento 23', 'DICE028');

INSERT INTO DEPARTAMENTOS (idDepartamento, nombre, idDirector)
VALUES ('DEPA024', 'Departamento 24', 'DICE029');

INSERT INTO DEPARTAMENTOS (idDepartamento, nombre, idDirector)
VALUES ('DEPA025', 'Departamento 25', 'DICE028');

INSERT INTO DEPARTAMENTOS (idDepartamento, nombre, idDirector)
VALUES ('DEPA026', 'Departamento 26', 'DICE029');

INSERT INTO DEPARTAMENTOS (idDepartamento, nombre, idDirector)
VALUES ('DEPA027', 'Departamento 27', 'DICE028');

INSERT INTO DEPARTAMENTOS (idDepartamento, nombre, idDirector)
VALUES ('DEPA028', 'Departamento 28', 'DICE029');

INSERT INTO DEPARTAMENTOS (idDepartamento, nombre, idDirector)
VALUES ('DEPA029', 'Departamento 29', 'DICE028');

INSERT INTO DEPARTAMENTOS (idDepartamento, nombre, idDirector)
VALUES ('DEPA030', 'Departamento 30', 'DICE029');

-- AREAS
INSERT INTO AREAS (idArea, nombre, idDepartamento, idDirector)
VALUES ('AREA1', 'Comunicación en español', 'HUMA', 'DIRE1000000758');

INSERT INTO AREAS (idArea, nombre, idDepartamento, idDirector)
VALUES ('AREA2', 'Ciudadanía', 'HUMA', 'DIRE1000000758');

INSERT INTO AREAS (idArea, nombre, idDepartamento, idDirector)
VALUES ('AREA3', 'Comunicación en inglés', 'HUMA', 'DIRE1000000758');

INSERT INTO AREAS (idArea, nombre, idDepartamento, idDirector)
VALUES ('AREA4', 'Formación Humanista', 'HUMA', 'DIRE1000000758');

INSERT INTO AREAS (idArea, nombre, idDepartamento, idDirector)
VALUES ('AREA5', 'Geometria', 'MATE', 'DIRE1000000685');

INSERT INTO AREAS (idArea, nombre, idDepartamento, idDirector)
VALUES ('AREA6', 'Algebra lineal', 'MATE', 'DIRE1000000685');

INSERT INTO AREAS (idArea, nombre, idDepartamento, idDirector)
VALUES ('AREA7', 'Análisis y calculo', 'MATE', 'DIRE1000000685');

INSERT INTO AREAS (idArea, nombre, idDepartamento, idDirector)
VALUES ('AREA8', 'Estadistica y probabilidad', 'MATE', 'DIRE1000000685');

INSERT INTO AREAS (idArea, nombre, idDepartamento, idDirector)
VALUES ('AREA9', 'Fisica', 'FISI', 'DIRE1000000403');

INSERT INTO AREAS (idArea, nombre, idDepartamento, idDirector)
VALUES ('AREA10', 'Quimica', 'FISI', 'DIRE1000000403');

INSERT INTO AREAS (idArea, nombre, idDepartamento, idDirector)
VALUES ('AREA11', 'Expresion grafica', 'FISI', 'DIRE1000000403');

INSERT INTO AREAS (idArea, nombre, idDepartamento, idDirector)
VALUES ('AREA012', 'Área 12', 'DEPA004', 'DICE029');

INSERT INTO AREAS (idArea, nombre, idDepartamento, idDirector)
VALUES ('AREA013', 'Área 13', 'DEPA005', 'DICE028');

INSERT INTO AREAS (idArea, nombre, idDepartamento, idDirector)
VALUES ('AREA014', 'Área 14', 'DEPA006', 'DICE029');

INSERT INTO AREAS (idArea, nombre, idDepartamento, idDirector)
VALUES ('AREA015', 'Área 15', 'DEPA007', 'DICE028');

INSERT INTO AREAS (idArea, nombre, idDepartamento, idDirector)
VALUES ('AREA016', 'Área 16', 'DEPA008', 'DICE029');

INSERT INTO AREAS (idArea, nombre, idDepartamento, idDirector)
VALUES ('AREA017', 'Área 17', 'DEPA009', 'DICE028');

INSERT INTO AREAS (idArea, nombre, idDepartamento, idDirector)
VALUES ('AREA018', 'Área 18', 'DEPA010', 'DICE029');

INSERT INTO AREAS (idArea, nombre, idDepartamento, idDirector)
VALUES ('AREA019', 'Área 19', 'DEPA011', 'DICE028');

INSERT INTO AREAS (idArea, nombre, idDepartamento, idDirector)
VALUES ('AREA020', 'Área 20', 'DEPA012', 'DICE029');

INSERT INTO AREAS (idArea, nombre, idDepartamento, idDirector)
VALUES ('AREA021', 'Área 21', 'DEPA013', 'DICE028');

INSERT INTO AREAS (idArea, nombre, idDepartamento, idDirector)
VALUES ('AREA022', 'Área 22', 'DEPA014', 'DICE029');

INSERT INTO AREAS (idArea, nombre, idDepartamento, idDirector)
VALUES ('AREA023', 'Área 23', 'DEPA015', 'DICE028');

INSERT INTO AREAS (idArea, nombre, idDepartamento, idDirector)
VALUES ('AREA024', 'Área 24', 'DEPA016', 'DICE029');

INSERT INTO AREAS (idArea, nombre, idDepartamento, idDirector)
VALUES ('AREA025', 'Área 25', 'DEPA017', 'DICE028');

INSERT INTO AREAS (idArea, nombre, idDepartamento, idDirector)
VALUES ('AREA026', 'Área 26', 'DEPA018', 'DICE029');

INSERT INTO AREAS (idArea, nombre, idDepartamento, idDirector)
VALUES ('AREA027', 'Área 27', 'DEPA019', 'DICE028');

INSERT INTO AREAS (idArea, nombre, idDepartamento, idDirector)
VALUES ('AREA028', 'Área 28', 'DEPA020', 'DICE029');

INSERT INTO AREAS (idArea, nombre, idDepartamento, idDirector)
VALUES ('AREA029', 'Área 29', 'DEPA021', 'DICE028');

INSERT INTO AREAS (idArea, nombre, idDepartamento, idDirector)
VALUES ('AREA030', 'Área 30', 'DEPA022', 'DICE029');

-- NUCLEOSDEFORMACION
INSERT INTO NUCLEOSDEFORMACION (idNucleoFormacion, nombre)
VALUES ('NUCF1', 'Común institucional');

INSERT INTO NUCLEOSDEFORMACION (idNucleoFormacion, nombre)
VALUES ('NUCF2', 'Común por campo del conocimiento');

INSERT INTO NUCLEOSDEFORMACION (idNucleoFormacion, nombre)
VALUES ('NUCF3', 'Básico profesional');

INSERT INTO NUCLEOSDEFORMACION (idNucleoFormacion, nombre)
VALUES ('NUCF4', 'Profesional específica');

INSERT INTO NUCLEOSDEFORMACION (idNucleoFormacion, nombre)
VALUES ('NUCF005', 'Núcleo de Formación 5');

INSERT INTO NUCLEOSDEFORMACION (idNucleoFormacion, nombre)
VALUES ('NUCF006', 'Núcleo de Formación 6');

INSERT INTO NUCLEOSDEFORMACION (idNucleoFormacion, nombre)
VALUES ('NUCF007', 'Núcleo de Formación 7');

INSERT INTO NUCLEOSDEFORMACION (idNucleoFormacion, nombre)
VALUES ('NUCF008', 'Núcleo de Formación 8');

INSERT INTO NUCLEOSDEFORMACION (idNucleoFormacion, nombre)
VALUES ('NUCF009', 'Núcleo de Formación 9');

INSERT INTO NUCLEOSDEFORMACION (idNucleoFormacion, nombre)
VALUES ('NUCF010', 'Núcleo de Formación 10');

INSERT INTO NUCLEOSDEFORMACION (idNucleoFormacion, nombre)
VALUES ('NUCF011', 'Núcleo de Formación 11');

INSERT INTO NUCLEOSDEFORMACION (idNucleoFormacion, nombre)
VALUES ('NUCF012', 'Núcleo de Formación 12');

INSERT INTO NUCLEOSDEFORMACION (idNucleoFormacion, nombre)
VALUES ('NUCF013', 'Núcleo de Formación 13');

INSERT INTO NUCLEOSDEFORMACION (idNucleoFormacion, nombre)
VALUES ('NUCF014', 'Núcleo de Formación 14');

INSERT INTO NUCLEOSDEFORMACION (idNucleoFormacion, nombre)
VALUES ('NUCF015', 'Núcleo de Formación 15');

INSERT INTO NUCLEOSDEFORMACION (idNucleoFormacion, nombre)
VALUES ('NUCF016', 'Núcleo de Formación 16');

INSERT INTO NUCLEOSDEFORMACION (idNucleoFormacion, nombre)
VALUES ('NUCF017', 'Núcleo de Formación 17');

INSERT INTO NUCLEOSDEFORMACION (idNucleoFormacion, nombre)
VALUES ('NUCF018', 'Núcleo de Formación 18');

INSERT INTO NUCLEOSDEFORMACION (idNucleoFormacion, nombre)
VALUES ('NUCF019', 'Núcleo de Formación 19');

INSERT INTO NUCLEOSDEFORMACION (idNucleoFormacion, nombre)
VALUES ('NUCF020', 'Núcleo de Formación 20');

INSERT INTO NUCLEOSDEFORMACION (idNucleoFormacion, nombre)
VALUES ('NUCF021', 'Núcleo de Formación 21');

INSERT INTO NUCLEOSDEFORMACION (idNucleoFormacion, nombre)
VALUES ('NUCF022', 'Núcleo de Formación 22');

INSERT INTO NUCLEOSDEFORMACION (idNucleoFormacion, nombre)
VALUES ('NUCF023', 'Núcleo de Formación 23');

INSERT INTO NUCLEOSDEFORMACION (idNucleoFormacion, nombre)
VALUES ('NUCF024', 'Núcleo de Formación 24');

INSERT INTO NUCLEOSDEFORMACION (idNucleoFormacion, nombre)
VALUES ('NUCF025', 'Núcleo de Formación 25');

INSERT INTO NUCLEOSDEFORMACION (idNucleoFormacion, nombre)
VALUES ('NUCF026', 'Núcleo de Formación 26');

INSERT INTO NUCLEOSDEFORMACION (idNucleoFormacion, nombre)
VALUES ('NUCF027', 'Núcleo de Formación 27');

INSERT INTO NUCLEOSDEFORMACION (idNucleoFormacion, nombre)
VALUES ('NUCF028', 'Núcleo de Formación 28');

INSERT INTO NUCLEOSDEFORMACION (idNucleoFormacion, nombre)
VALUES ('NUCF029', 'Núcleo de Formación 29');

INSERT INTO NUCLEOSDEFORMACION (idNucleoFormacion, nombre)
VALUES ('NUCF030', 'Núcleo de Formación 30');

-- MATERIAS
INSERT INTO MATERIAS (idMateria, nombre, creditos, horasTeoricas, horasPracticas, nivel, modalidad, idArea, idNucleoDeFormacion)
VALUES ('PREM', 'Precálculo', 4, 0, 0, 1, 'Presencial', 'AREA7', 'NUCF1');

INSERT INTO MATERIAS (idMateria, nombre, creditos, horasTeoricas, horasPracticas, nivel, modalidad, idArea, idNucleoDeFormacion)
VALUES ('AGEO', 'Análisis Geométrico', 4, 0, 0, 1, 'Presencial', 'AREA5', 'NUCF1');

INSERT INTO MATERIAS (idMateria, nombre, creditos, horasTeoricas, horasPracticas, nivel, modalidad, idArea, idNucleoDeFormacion )
VALUES ('FUME', 'Fundamentos de Mecánica', 3, 0, 0, 1, 'Presencial', 'AREA9', 'NUCF2');

INSERT INTO MATERIAS (idMateria, nombre, creditos, horasTeoricas, horasPracticas, nivel, modalidad, idCentroDeEstudios, idNucleoDeFormacion)
VALUES ('INSI', 'Introducción a la Ingeniería de Sistemas', 1, 0, 0, 1, 'Presencial', 'CENT10', 'NUCF4' );

INSERT INTO MATERIAS (idMateria, nombre, creditos, horasTeoricas, horasPracticas, nivel, modalidad, idCentroDeEstudios,  idNucleoDeFormacion)
VALUES ('ELBA', 'Electiva de Bienestar Universitario', 1, 0, 0, 1, 'Presencial','CENT030', 'NUCF1');

INSERT INTO MATERIAS (idMateria, nombre, creditos, horasTeoricas, horasPracticas, nivel, modalidad, idArea,  idNucleoDeFormacion)
VALUES ('FUCO1', 'Fundamentos de la comunicación 1', 2, 0, 0, 1,  'Presencial', 'AREA1', 'NUCF1');

INSERT INTO MATERIAS (idMateria, nombre, creditos, horasTeoricas, horasPracticas, nivel, modalidad, idArea,  idNucleoDeFormacion)
VALUES ('CALD', 'Cálculo Diferencial', 4, 0, 0, 1,  'Presencial', 'AREA7', 'NUCF1');

INSERT INTO MATERIAS (idMateria, nombre, creditos, horasTeoricas, horasPracticas, nivel, modalidad, idArea, idNucleoDeFormacion)
VALUES ('ALLI', 'Álgebra Lineal', 3, 0, 0, 1,  'Presencial', 'AREA6', 'NUCF1');

INSERT INTO MATERIAS (idMateria, nombre, creditos, horasTeoricas, horasPracticas, nivel, modalidad, idCentroDeEstudios, idNucleoDeFormacion)
VALUES ('MMIN', 'Modelos Matemáticos para Informática', 3, 0, 0,  1, 'Presencial', 'CENT10', 'NUCF3');

INSERT INTO MATERIAS (idMateria, nombre, creditos, horasTeoricas, horasPracticas, nivel, modalidad, idArea, idNucleoDeFormacion)
VALUES ('FIME', 'Física Mecánica', 4, 0, 0, 1,  'Presencial', 'AREA9', 'NUCF2');

INSERT INTO MATERIAS (idMateria, nombre, creditos, horasTeoricas, horasPracticas, nivel, modalidad, idArea, idNucleoDeFormacion)
VALUES ('HGCL', 'Historia y Geografía de Colombia', 2, 0, 0,  1, 'Presencial', 'AREA2', 'NUCF1');

INSERT INTO MATERIAS (idMateria, nombre, creditos, horasTeoricas, horasPracticas, nivel, modalidad, idArea, idNucleoDeFormacion)
VALUES ('FUCO2', 'Fundamentos de la comunicación 2', 2, 0, 0,  1, 'Presencial', 'AREA1', 'NUCF1');

INSERT INTO MATERIAS (idMateria, nombre, creditos, horasTeoricas, horasPracticas, nivel, modalidad, idArea, idNucleoDeFormacion)
VALUES ('CALI', 'Cálculo Integral', 4, 0, 0, 1,  'Presencial', 'AREA7', 'NUCF1');

INSERT INTO MATERIAS (idMateria, nombre, creditos, horasTeoricas, horasPracticas, nivel, modalidad, idCentroDeEstudios, idNucleoDeFormacion)
VALUES ('AYPR', 'Algoritmos y Programación', 3, 0, 0,  1, 'Presencial', 'CENT10', 'NUCF2');

INSERT INTO MATERIAS (idMateria, nombre, creditos, horasTeoricas, horasPracticas, nivel, modalidad, idArea, idNucleoDeFormacion)
VALUES ('FIEM', 'Física del Electromagnetismo', 4, 0, 0, 1, 'Presencial', 'AREA9', 'NUCF2');

INSERT INTO MATERIAS (idMateria, nombre, creditos, horasTeoricas, horasPracticas, nivel, modalidad, idArea, idNucleoDeFormacion)
VALUES ('IDIO1', 'Idioma 1', 2, 0, 0, 1, 'Presencial', 'AREA3', 'NUCF1');

INSERT INTO MATERIAS (idMateria, nombre, creditos, horasTeoricas, horasPracticas, nivel, modalidad, idArea, idNucleoDeFormacion)
VALUES ('IDIO2', 'Idioma 2', 2, 0, 0, 1, 'Presencial', 'AREA3', 'NUCF1');

INSERT INTO MATERIAS (idMateria, nombre, creditos, horasTeoricas, horasPracticas, nivel, modalidad, idArea, idNucleoDeFormacion)
VALUES ('IDIO3', 'Idioma 3', 2, 0, 0, 2, 'Presencial', 'AREA3', 'NUCF1');

INSERT INTO MATERIAS (idMateria, nombre, creditos, horasTeoricas, horasPracticas, nivel, modalidad, idArea, idNucleoDeFormacion)
VALUES ('IDIO4', 'Idioma 4', 2, 0, 0, 2, 'Presencial', 'AREA3', 'NUCF1');

INSERT INTO MATERIAS (idMateria, nombre, creditos, horasTeoricas, horasPracticas, nivel, modalidad, idArea, idNucleoDeFormacion)
VALUES ('CALV', 'Cálculo Vectorial', 4, 0, 0, 1, 'Presencial', 'AREA7', 'NUCF2');

INSERT INTO MATERIAS (idMateria, nombre, creditos, horasTeoricas, horasPracticas, nivel, modalidad, idCentroDeEstudios, idNucleoDeFormacion)
VALUES ('AYED', 'Algoritmos y Estructuras de Datos', 4, 0, 0, 2, 'Presencial', 'CENT9', 'NUCF3');

INSERT INTO MATERIAS (idMateria, nombre, creditos, horasTeoricas, horasPracticas, nivel, modalidad, idCentroDeEstudios, idNucleoDeFormacion)
VALUES ('MATD', 'Matemáticas Discretas', 4, 0, 0,  2, 'Presencial', 'CENT10', 'NUCF3');

INSERT INTO MATERIAS (idMateria, nombre, creditos, horasTeoricas, horasPracticas, nivel, modalidad, idCentroDeEstudios, idNucleoDeFormacion)
VALUES ('MBDA', 'Modelos y Bases de Datos', 4, 0, 0, 2, 'Presencial', 'CENT9', 'NUCF3');

INSERT INTO MATERIAS (idMateria, nombre, creditos, horasTeoricas, horasPracticas, nivel, modalidad, idArea, idNucleoDeFormacion)
VALUES ('ECDI', 'Ecuaciones Diferenciales', 3, 0, 0, 2, 'Presencial', 'AREA7', 'NUCF2');

INSERT INTO MATERIAS (idMateria, nombre, creditos, horasTeoricas, horasPracticas, nivel, modalidad, idCentroDeEstudios, idNucleoDeFormacion)
VALUES ('CNYT', 'Ciencias Naturales y Tecnología', 3, 0, 0, 1, 'Presencial', 'CENT10', 'NUCF2');

INSERT INTO MATERIAS (idMateria, nombre, creditos, horasTeoricas, horasPracticas, nivel, modalidad, idCentroDeEstudios, idNucleoDeFormacion)
VALUES ('TPRO', 'Teoría de la Programación', 3, 0, 0, 2, 'Presencial', 'CENT10', 'NUCF3');

INSERT INTO MATERIAS (idMateria, nombre, creditos, horasTeoricas, horasPracticas, nivel, modalidad, idCentroDeEstudios, idNucleoDeFormacion)
VALUES ('POOB', 'Programación Orientada a Objetos', 4, 0, 0, 2, 'Presencial', 'CENT9', 'NUCF3');

INSERT INTO MATERIAS (idMateria, nombre, creditos, horasTeoricas, horasPracticas, nivel, modalidad, idArea, idNucleoDeFormacion)
VALUES ('CIPP', 'Colombia: Realidad, Instituciones Políticas y Paz', 2, 0, 0, 1, 'Presencial', 'AREA2', 'NUCF1');

INSERT INTO MATERIAS (idMateria, nombre, creditos, horasTeoricas, horasPracticas, nivel, modalidad, idArea, idNucleoDeFormacion)
VALUES ('PRYE', 'Probabilidad y Estadística', 4, 0, 0, 2, 'Presencial', 'AREA8', 'NUCF1');

INSERT INTO MATERIAS (idMateria, nombre, creditos, horasTeoricas, horasPracticas, nivel, modalidad, idCentroDeEstudios, idNucleoDeFormacion)
VALUES ('ACSO', 'Arquitectura Computacional y Sitemas Operativos', 4, 0, 0, 2, 'Presencial', 'CENT8', 'NUCF1');

INSERT INTO MATERIAS (idMateria, nombre, creditos, horasTeoricas, horasPracticas, nivel, modalidad, idArea, idNucleoDeFormacion)
VALUES ('EGRA', 'Expresión Gráfica 1', 3, 0, 0, 1, 'Presencial', 'AREA11', 'NUCF2');

INSERT INTO MATERIAS (idMateria, nombre, creditos, horasTeoricas, horasPracticas, nivel, modalidad, idCentroDeEstudios, idNucleoDeFormacion)
VALUES ('TSOR', 'Teoría de Sistemas y Organizaciones', 3, 0, 0, 2, 'Presencial', 'CENT7', 'NUCF3');

INSERT INTO MATERIAS (idMateria, nombre, creditos, horasTeoricas, horasPracticas, nivel, modalidad, idCentroDeEstudios, idNucleoDeFormacion)
VALUES ('FUEC', 'Fundamentos Económicos', 3, 0, 0, 1, 'Presencial', 'CENT19', 'NUCF1');

INSERT INTO MATERIAS (idMateria, nombre, creditos, horasTeoricas, horasPracticas, nivel, modalidad,  idCentroDeEstudios, idNucleoDeFormacion)
VALUES ('RECO', 'Redes de Computadores', 4, 0, 0, 2, 'Presencial', 'CENT8', 'NUCF3');

INSERT INTO MATERIAS (idMateria, nombre, creditos, horasTeoricas, horasPracticas, nivel, modalidad, idCentroDeEstudios, idNucleoDeFormacion)
VALUES ('CVDS', 'Ciclos de Vida del Desarrollo de Software', 4, 0, 0, 2, 'Presencial', 'CENT9', 'NUCF4');

INSERT INTO MATERIAS (idMateria, nombre, creditos, horasTeoricas, horasPracticas, nivel, modalidad, idCentroDeEstudios, idNucleoDeFormacion)
VALUES ('AUPN', 'Automatización de Procesos de Negocio', 4, 0, 0, 2, 'Presencial', 'CENT7', 'NUCF4');

INSERT INTO MATERIAS (idMateria, nombre, creditos, horasTeoricas, horasPracticas, nivel, modalidad, idArea, idNucleoDeFormacion)
VALUES ('ELHU1', 'Electiva Humanística 1', 2, 0, 0, 2, 'Presencial', 'AREA4', 'NUCF1');

INSERT INTO MATERIAS (idMateria, nombre, creditos, horasTeoricas, horasPracticas, nivel, modalidad, idArea, idNucleoDeFormacion)
VALUES ('ELHU2', 'Electiva Humanística 2', 2, 0, 0, 3, 'Presencial', 'AREA4', 'NUCF1');

INSERT INTO MATERIAS (idMateria, nombre, creditos, horasTeoricas, horasPracticas, nivel, modalidad, idCentroDeEstudios, idNucleoDeFormacion)
VALUES ('SIML', 'Seminario de Inserción Laboral', 1, 0, 0, 3, 'Presencial', 'CENT8', 'NUCF4');

INSERT INTO MATERIAS (idMateria, nombre, creditos, horasTeoricas, horasPracticas, nivel, modalidad, idCentroDeEstudios, idNucleoDeFormacion)
VALUES ('SPTI', 'Seguridad y Privacidad de TI', 4, 0, 0, 3, 'Presencial', 'CENT8', 'NUCF4');

INSERT INTO MATERIAS (idMateria, nombre, creditos, horasTeoricas, horasPracticas, nivel, modalidad, idCentroDeEstudios, idNucleoDeFormacion)
VALUES ('ARSW', 'Arquitecturas de Software', 4, 0, 0, 3, 'Presencial', 'CENT9', 'NUCF4');

INSERT INTO MATERIAS (idMateria, nombre, creditos, horasTeoricas, horasPracticas, nivel, modalidad, idCentroDeEstudios, idNucleoDeFormacion)
VALUES ('FCFI', 'Fundamentos Contables y Financieros', 3, 0, 0,  2, 'Presencial', 'CENT19', 'NUCF1');

INSERT INTO MATERIAS (idMateria, nombre, creditos, horasTeoricas, horasPracticas, nivel, modalidad, idCentroDeEstudios, idNucleoDeFormacion)
VALUES ('IETI', 'Innovación y Emprendimiento con TI', 4, 0, 0, 3, 'Presencial', 'CENT9', 'NUCF4');

INSERT INTO MATERIAS (idMateria, nombre, creditos, horasTeoricas, horasPracticas, nivel, modalidad, idCentroDeEstudios, idNucleoDeFormacion)
VALUES ('ELTE1', 'Electiva Técnica 1', 3, 0, 0, 3, 'Presencial', 'CENT7', 'NUCF4');

INSERT INTO MATERIAS (idMateria, nombre, creditos, horasTeoricas, horasPracticas, nivel, modalidad, idCentroDeEstudios, idNucleoDeFormacion)
VALUES ('ELTE02', 'Electiva Técnica 2', 3, 0, 0, 3, 'Presencial', 'CENT7', 'NUCF4');

INSERT INTO MATERIAS (idMateria, nombre, creditos, horasTeoricas, horasPracticas, nivel, modalidad, idCentroDeEstudios, idNucleoDeFormacion)
VALUES ('ELTE3', 'Electiva Técnica 3', 3, 0, 0, 3, 'Presencial', 'CENT7', 'NUCF4');

INSERT INTO MATERIAS (idMateria, nombre, creditos, horasTeoricas, horasPracticas, nivel, modalidad, idCentroDeEstudios, idNucleoDeFormacion)
VALUES ('AREP', 'Arquitecturas Empresariales', 4, 0, 0, 3, 'Presencial', 'CENT7', 'NUCF4');

INSERT INTO MATERIAS (idMateria, nombre, creditos, horasTeoricas, horasPracticas, nivel, modalidad, idCentroDeEstudios, idNucleoDeFormacion)
VALUES ('FDGP', 'Fundamentos de Desarrollo y Gerencia de Proyectos', 3, 0, 0, 3, 'Presencial', 'CENT22', 'NUCF1');

INSERT INTO MATERIAS (idMateria, nombre, creditos, horasTeoricas, horasPracticas, nivel, modalidad, idCentroDeEstudios, idNucleoDeFormacion)
VALUES ('OGRA1', 'Opción de grado 1', 3, 0, 0, 3, 'Presencial', 'CENT7', 'NUCF4');

INSERT INTO MATERIAS (idMateria, nombre, creditos, horasTeoricas, horasPracticas, nivel, modalidad, idCentroDeEstudios, idNucleoDeFormacion)
VALUES ('OGRA2', 'Opción de grado 2', 3, 0, 0, 3, 'Presencial', 'CENT7', 'NUCF4');

INSERT INTO MATERIAS (idMateria, nombre, creditos, horasTeoricas, horasPracticas, nivel, modalidad, idCentroDeEstudios, idNucleoDeFormacion)
VALUES ('LCAT', 'Lógica Calculatoria', 4, 0, 0,  2, 'Presencial', 'CENT10', 'NUCF3');


-- MATERIASPORESTUDIANTE
INSERT INTO MATERIASPORESTUDIANTE (idMateria, idEstudiante)
VALUES ('MBDA', 'ESTU1000093986');

INSERT INTO MATERIASPORESTUDIANTE (idMateria, idEstudiante)
VALUES ('MBDA', 'ESTU1000096208');

INSERT INTO MATERIASPORESTUDIANTE (idMateria, idEstudiante)
VALUES ('MBDA', 'ESTU1000090700');

INSERT INTO MATERIASPORESTUDIANTE (idMateria, idEstudiante)
VALUES ('MBDA', 'ESTU1000090709');

INSERT INTO MATERIASPORESTUDIANTE (idMateria, idEstudiante)
VALUES ('MBDA', 'ESTU1000092309');

INSERT INTO MATERIASPORESTUDIANTE (idMateria, idEstudiante)
VALUES ('MBDA', 'ESTU1000100162');

INSERT INTO MATERIASPORESTUDIANTE (idMateria, idEstudiante)
VALUES ('MBDA', 'ESTU1000095732');

INSERT INTO MATERIASPORESTUDIANTE (idMateria, idEstudiante)
VALUES ('MBDA', 'ESTU1000100827');

INSERT INTO MATERIASPORESTUDIANTE (idMateria, idEstudiante)
VALUES ('MBDA', 'ESTU1000092366');

INSERT INTO MATERIASPORESTUDIANTE (idMateria, idEstudiante)
VALUES ('MBDA', 'ESTU1000095923');

INSERT INTO MATERIASPORESTUDIANTE (idMateria, idEstudiante)
VALUES ('MBDA', 'ESTU1000098136');

INSERT INTO MATERIASPORESTUDIANTE (idMateria, idEstudiante)
VALUES ('MBDA', 'ESTU1000100519');

INSERT INTO MATERIASPORESTUDIANTE (idMateria, idEstudiante)
VALUES ('MBDA', 'ESTU1000097900');

INSERT INTO MATERIASPORESTUDIANTE (idMateria, idEstudiante)
VALUES ('MBDA', 'ESTU1000099463');

INSERT INTO MATERIASPORESTUDIANTE (idMateria, idEstudiante)
VALUES ('MBDA', 'ESTU1000090827');

INSERT INTO MATERIASPORESTUDIANTE (idMateria, idEstudiante)
VALUES ('MBDA', 'ESTU1000091956');

INSERT INTO MATERIASPORESTUDIANTE (idMateria, idEstudiante)
VALUES ('MBDA', 'ESTU1000097274');

INSERT INTO MATERIASPORESTUDIANTE (idMateria, idEstudiante)
VALUES ('MBDA', 'ESTU1000096481');

INSERT INTO MATERIASPORESTUDIANTE (idMateria, idEstudiante)
VALUES ('MBDA', 'ESTU1000099499');

INSERT INTO MATERIASPORESTUDIANTE (idMateria, idEstudiante)
VALUES ('MBDA', 'ESTU1000095092');

INSERT INTO MATERIASPORESTUDIANTE (idMateria, idEstudiante)
VALUES ('MBDA', 'ESTU1000099249');

INSERT INTO MATERIASPORESTUDIANTE (idMateria, idEstudiante)
VALUES ('MBDA', 'ESTU1000100514');

INSERT INTO MATERIASPORESTUDIANTE (idMateria, idEstudiante)
VALUES ('MBDA', 'ESTU1000100296');

INSERT INTO MATERIASPORESTUDIANTE (idMateria, idEstudiante)
VALUES ('MBDA', 'ESTU1000095428');

INSERT INTO MATERIASPORESTUDIANTE (idMateria, idEstudiante)
VALUES ('AUPN', 'ESTU1000093986');

INSERT INTO MATERIASPORESTUDIANTE (idMateria, idEstudiante)
VALUES ('RECO', 'ESTU1000093986');

INSERT INTO MATERIASPORESTUDIANTE (idMateria, idEstudiante)
VALUES ('AUPN', 'ESTU1000096208');

INSERT INTO MATERIASPORESTUDIANTE (idMateria, idEstudiante)
VALUES ('INSI', 'ESTU25');

INSERT INTO MATERIASPORESTUDIANTE (idMateria, idEstudiante)
VALUES ('ACSO', 'ESTU26');

INSERT INTO MATERIASPORESTUDIANTE (idMateria, idEstudiante)
VALUES ('TPRO', 'ESTU28');

--  PREREQUISITOSMATERIAS
INSERT INTO PREREQUISITOSMATERIAS (idMateria, idMateriaRequisito)
VALUES ('CALD', 'PREM');

INSERT INTO PREREQUISITOSMATERIAS (idMateria, idMateriaRequisito)
VALUES ('CALD', 'AGEO');

INSERT INTO PREREQUISITOSMATERIAS (idMateria, idMateriaRequisito)
VALUES ('ALLI', 'PREM');

INSERT INTO PREREQUISITOSMATERIAS (idMateria, idMateriaRequisito)
VALUES ('ALLI', 'AGEO');

INSERT INTO PREREQUISITOSMATERIAS (idMateria, idMateriaRequisito)
VALUES ('FIME', 'FUME');

INSERT INTO PREREQUISITOSMATERIAS (idMateria, idMateriaRequisito)
VALUES ('FUCO2', 'FUCO1');

INSERT INTO PREREQUISITOSMATERIAS (idMateria, idMateriaRequisito)
VALUES ('CALI', 'CALD');

INSERT INTO PREREQUISITOSMATERIAS (idMateria, idMateriaRequisito)
VALUES ('AYPR', 'ALLI');

INSERT INTO PREREQUISITOSMATERIAS (idMateria, idMateriaRequisito)
VALUES ('LCAT', 'MMIN');

INSERT INTO PREREQUISITOSMATERIAS (idMateria, idMateriaRequisito)
VALUES ('FIEM', 'CALD');

INSERT INTO PREREQUISITOSMATERIAS (idMateria, idMateriaRequisito)
VALUES ('FIEM', 'FIME');

INSERT INTO PREREQUISITOSMATERIAS (idMateria, idMateriaRequisito)
VALUES ('CALV', 'CALI');

INSERT INTO PREREQUISITOSMATERIAS (idMateria, idMateriaRequisito)
VALUES ('CALV', 'ALLI');

INSERT INTO PREREQUISITOSMATERIAS (idMateria, idMateriaRequisito)
VALUES ('AYED', 'AYPR');

INSERT INTO PREREQUISITOSMATERIAS (idMateria, idMateriaRequisito)
VALUES ('AYED', 'MMIN');

INSERT INTO PREREQUISITOSMATERIAS (idMateria, idMateriaRequisito)
VALUES ('MATD', 'LCAT');

INSERT INTO PREREQUISITOSMATERIAS (idMateria, idMateriaRequisito)
VALUES ('MBDA', 'AYPR');

INSERT INTO PREREQUISITOSMATERIAS (idMateria, idMateriaRequisito)
VALUES ('MBDA', 'LCAT');

INSERT INTO PREREQUISITOSMATERIAS (idMateria, idMateriaRequisito)
VALUES ('IDIO2', 'IDIO1');

INSERT INTO PREREQUISITOSMATERIAS (idMateria, idMateriaRequisito)
VALUES ('ECDI', 'CALV');

INSERT INTO PREREQUISITOSMATERIAS (idMateria, idMateriaRequisito)
VALUES ('CNYT', 'FIME');

INSERT INTO PREREQUISITOSMATERIAS (idMateria, idMateriaRequisito)
VALUES ('CNYT', 'AYPR');

INSERT INTO PREREQUISITOSMATERIAS (idMateria, idMateriaRequisito)
VALUES ('TPRO', 'MATD');

INSERT INTO PREREQUISITOSMATERIAS (idMateria, idMateriaRequisito)
VALUES ('POOB', 'AYED');

INSERT INTO PREREQUISITOSMATERIAS (idMateria, idMateriaRequisito)
VALUES ('CIPP', 'HGCL');

INSERT INTO PREREQUISITOSMATERIAS (idMateria, idMateriaRequisito)
VALUES ('PRYE', 'CALI');

INSERT INTO PREREQUISITOSMATERIAS (idMateria, idMateriaRequisito)
VALUES ('ACSO', 'FIEM');

INSERT INTO PREREQUISITOSMATERIAS (idMateria, idMateriaRequisito)
VALUES ('EGRA', 'AGEO');

INSERT INTO PREREQUISITOSMATERIAS (idMateria, idMateriaRequisito)
VALUES ('TSOR', 'AYPR');

INSERT INTO PREREQUISITOSMATERIAS (idMateria, idMateriaRequisito)
VALUES ('RECO', 'ACSO');

INSERT INTO PREREQUISITOSMATERIAS (idMateria, idMateriaRequisito)
VALUES ('CVDS', 'POOB');

INSERT INTO PREREQUISITOSMATERIAS (idMateria, idMateriaRequisito)
VALUES ('CVDS', 'MBDA');

INSERT INTO PREREQUISITOSMATERIAS (idMateria, idMateriaRequisito)
VALUES ('AUPN', 'TSOR');

INSERT INTO PREREQUISITOSMATERIAS (idMateria, idMateriaRequisito)
VALUES ('AUPN', 'POOB');

INSERT INTO PREREQUISITOSMATERIAS (idMateria, idMateriaRequisito)
VALUES ('ELHU1', 'CIPP');

INSERT INTO PREREQUISITOSMATERIAS (idMateria, idMateriaRequisito)
VALUES ('ELHU2', 'CIPP');

INSERT INTO PREREQUISITOSMATERIAS (idMateria, idMateriaRequisito)
VALUES ('SIML', 'POOB');

INSERT INTO PREREQUISITOSMATERIAS (idMateria, idMateriaRequisito)
VALUES ('SPTI', 'RECO');

INSERT INTO PREREQUISITOSMATERIAS (idMateria, idMateriaRequisito)
VALUES ('ARSW', 'CVDS');

INSERT INTO PREREQUISITOSMATERIAS (idMateria, idMateriaRequisito)
VALUES ('FCFI', 'FUEC');

INSERT INTO PREREQUISITOSMATERIAS (idMateria, idMateriaRequisito)
VALUES ('IETI', 'ARSW');

INSERT INTO PREREQUISITOSMATERIAS (idMateria, idMateriaRequisito)
VALUES ('IETI', 'AUPN');

INSERT INTO PREREQUISITOSMATERIAS (idMateria, idMateriaRequisito)
VALUES ('AREP', 'CVDS');

INSERT INTO PREREQUISITOSMATERIAS (idMateria, idMateriaRequisito)
VALUES ('AREP', 'RECO');

INSERT INTO PREREQUISITOSMATERIAS (idMateria, idMateriaRequisito)
VALUES ('AREP', 'AUPN');

INSERT INTO PREREQUISITOSMATERIAS (idMateria, idMateriaRequisito)
VALUES ('FDGP', 'FCFI');

INSERT INTO PREREQUISITOSMATERIAS (idMateria, idMateriaRequisito)
VALUES ('IDIO3', 'IDIO2');

INSERT INTO PREREQUISITOSMATERIAS (idMateria, idMateriaRequisito)
VALUES ('IDIO4', 'IDIO1');

-- NOTAS
INSERT INTO NOTAS (idNota, valor, fechaRegistro, tipoDeEvaluacion, idMateria, idEstudiante)
VALUES ('NOTA001', 4.5, TO_DATE('2023-01-01', 'YYYY-MM-DD'), 'Parcial', 'MBDA', 'ESTU1000093986');

INSERT INTO NOTAS (idNota, valor, fechaRegistro, tipoDeEvaluacion, idMateria, idEstudiante)
VALUES ('NOTA0002', 3.8, TO_DATE('2023-01-02', 'YYYY-MM-DD'), 'Quiz', 'MBDA', 'ESTU1000096208');

INSERT INTO NOTAS (idNota, valor, fechaRegistro, tipoDeEvaluacion, idMateria, idEstudiante)
VALUES ('NOTA0003', 4.0, TO_DATE('2023-01-03', 'YYYY-MM-DD'), 'Actividad', 'MBDA', 'ESTU1000090700');

INSERT INTO NOTAS (idNota, valor, fechaRegistro, tipoDeEvaluacion, idMateria, idEstudiante)
VALUES ('NOTA0004', 3.5, TO_DATE('2023-01-04', 'YYYY-MM-DD'), 'Trabajo', 'MBDA', 'ESTU1000090709');

INSERT INTO NOTAS (idNota, valor, fechaRegistro, tipoDeEvaluacion, idMateria, idEstudiante)
VALUES ('NOTA0005', 4.2, TO_DATE('2023-01-05', 'YYYY-MM-DD'), 'Examen Final', 'ELBA', 'ESTU1000092309');

INSERT INTO NOTAS (idNota, valor, fechaRegistro, tipoDeEvaluacion, idMateria, idEstudiante)
VALUES ('NOTA0006', 3.9, TO_DATE('2023-01-06', 'YYYY-MM-DD'), 'Exposición', 'FUCO1', 'ESTU1000100162');

INSERT INTO NOTAS (idNota, valor, fechaRegistro, tipoDeEvaluacion, idMateria, idEstudiante)
VALUES ('NOTA0007', 4.8, TO_DATE('2023-01-07', 'YYYY-MM-DD'), 'Parcial', 'CALD', 'ESTU1000095732');

INSERT INTO NOTAS (idNota, valor, fechaRegistro, tipoDeEvaluacion, idMateria, idEstudiante)
VALUES ('NOTA0008', 3.7, TO_DATE('2023-01-08', 'YYYY-MM-DD'), 'Quiz', 'ALLI', 'ESTU1000100827');

INSERT INTO NOTAS (idNota, valor, fechaRegistro, tipoDeEvaluacion, idMateria, idEstudiante)
VALUES ('NOTA0009', 4.1, TO_DATE('2023-01-09', 'YYYY-MM-DD'), 'Actividad', 'MMIN', 'ESTU1000092366');

INSERT INTO NOTAS (idNota, valor, fechaRegistro, tipoDeEvaluacion, idMateria, idEstudiante)
VALUES ('NOTA0010', 3.6, TO_DATE('2023-01-10', 'YYYY-MM-DD'), 'Trabajo', 'FIME', 'ESTU1000095923');

INSERT INTO NOTAS (idNota, valor, fechaRegistro, tipoDeEvaluacion, idMateria, idEstudiante)
VALUES ('NOTA0011', 4.3, TO_DATE('2023-01-11', 'YYYY-MM-DD'), 'Examen Final', 'HGCL', 'ESTU1000098136');

INSERT INTO NOTAS (idNota, valor, fechaRegistro, tipoDeEvaluacion, idMateria, idEstudiante)
VALUES ('NOTA0012', 3.8, TO_DATE('2023-01-12', 'YYYY-MM-DD'), 'Exposición', 'FUCO2', 'ESTU1000100519');

INSERT INTO NOTAS (idNota, valor, fechaRegistro, tipoDeEvaluacion, idMateria, idEstudiante)
VALUES ('NOTA0013', 4.6, TO_DATE('2023-01-13', 'YYYY-MM-DD'), 'Parcial', 'CALI', 'ESTU1000097900');

INSERT INTO NOTAS (idNota, valor, fechaRegistro, tipoDeEvaluacion, idMateria, idEstudiante)
VALUES ('NOTA0014', 3.9, TO_DATE('2023-01-14', 'YYYY-MM-DD'), 'Quiz', 'AYPR', 'ESTU1000099463');

INSERT INTO NOTAS (idNota, valor, fechaRegistro, tipoDeEvaluacion, idMateria, idEstudiante)
VALUES ('NOTA0015', 4.0, TO_DATE('2023-01-15', 'YYYY-MM-DD'), 'Actividad', 'LCAT', 'ESTU1000090827');

INSERT INTO NOTAS (idNota, valor, fechaRegistro, tipoDeEvaluacion, idMateria, idEstudiante)
VALUES ('NOTA0016', 3.7, TO_DATE('2023-01-16', 'YYYY-MM-DD'), 'Trabajo', 'FIEM', 'ESTU1000091956');

INSERT INTO NOTAS (idNota, valor, fechaRegistro, tipoDeEvaluacion, idMateria, idEstudiante)
VALUES ('NOTA0017', 4.4, TO_DATE('2023-01-17', 'YYYY-MM-DD'), 'Examen Final', 'IDIO1', 'ESTU1000097274');

INSERT INTO NOTAS (idNota, valor, fechaRegistro, tipoDeEvaluacion, idMateria, idEstudiante)
VALUES ('NOTA0018', 3.6, TO_DATE('2023-01-18', 'YYYY-MM-DD'), 'Exposición', 'IDIO2', 'ESTU1000096481');

INSERT INTO NOTAS (idNota, valor, fechaRegistro, tipoDeEvaluacion, idMateria, idEstudiante)
VALUES ('NOTA0019', 4.2, TO_DATE('2023-01-19', 'YYYY-MM-DD'), 'Parcial', 'IDIO3', 'ESTU1000099499');

INSERT INTO NOTAS (idNota, valor, fechaRegistro, tipoDeEvaluacion, idMateria, idEstudiante)
VALUES ('NOTA0020', 3.8, TO_DATE('2023-01-20', 'YYYY-MM-DD'), 'Quiz', 'IDIO4', 'ESTU1000095092');

INSERT INTO NOTAS (idNota, valor, fechaRegistro, tipoDeEvaluacion, idMateria, idEstudiante)
VALUES ('NOTA0021', 4.1, TO_DATE('2023-01-21', 'YYYY-MM-DD'), 'Actividad', 'CALV', 'ESTU1000099249');

INSERT INTO NOTAS (idNota, valor, fechaRegistro, tipoDeEvaluacion, idMateria, idEstudiante)
VALUES ('NOTA0022', 3.5, TO_DATE('2023-01-22', 'YYYY-MM-DD'), 'Trabajo', 'AYED', 'ESTU1000100514');

INSERT INTO NOTAS (idNota, valor, fechaRegistro, tipoDeEvaluacion, idMateria, idEstudiante)
VALUES ('NOTA0023', 4.3, TO_DATE('2023-01-23', 'YYYY-MM-DD'), 'Examen Final', 'MATD', 'ESTU1000100296');

INSERT INTO NOTAS (idNota, valor, fechaRegistro, tipoDeEvaluacion, idMateria, idEstudiante)
VALUES ('NOTA0024', 3.9, TO_DATE('2023-01-24', 'YYYY-MM-DD'), 'Exposición', 'MBDA', 'ESTU1000095428');

INSERT INTO NOTAS (idNota, valor, fechaRegistro, tipoDeEvaluacion, idMateria, idEstudiante)
VALUES ('NOTA0025', 4.7, TO_DATE('2023-01-25', 'YYYY-MM-DD'), 'Parcial', 'AUPN', 'ESTU1000093986');

INSERT INTO NOTAS (idNota, valor, fechaRegistro, tipoDeEvaluacion, idMateria, idEstudiante)
VALUES ('NOTA0026', 3.8, TO_DATE('2023-01-26', 'YYYY-MM-DD'), 'Quiz', 'RECO', 'ESTU1000093986');

INSERT INTO NOTAS (idNota, valor, fechaRegistro, tipoDeEvaluacion, idMateria, idEstudiante)
VALUES ('NOTA0027', 4.0, TO_DATE('2023-01-27', 'YYYY-MM-DD'), 'Actividad', 'AUPN', 'ESTU1000096208');

INSERT INTO NOTAS (idNota, valor, fechaRegistro, tipoDeEvaluacion, idMateria, idEstudiante)
VALUES ('NOTA0028', 3.6, TO_DATE('2023-01-28', 'YYYY-MM-DD'), 'Trabajo', 'INSI', 'ESTU25');

INSERT INTO NOTAS (idNota, valor, fechaRegistro, tipoDeEvaluacion, idMateria, idEstudiante)
VALUES ('NOTA0029', 4.5, TO_DATE('2023-01-29', 'YYYY-MM-DD'), 'Examen Final', 'ACSO', 'ESTU26');

INSERT INTO NOTAS (idNota, valor, fechaRegistro, tipoDeEvaluacion, idMateria, idEstudiante)
VALUES ('NOTA0030', 3.7, TO_DATE('2023-01-30', 'YYYY-MM-DD'), 'Exposición', 'TPRO', 'ESTU28');

-- PROGRAMASPORESTUDIANTES
INSERT INTO PROGRAMASPORESTUDIANTES (idPrograma, idEstudiante)
VALUES ('ICIV', 'ESTU1000093986');

INSERT INTO PROGRAMASPORESTUDIANTES (idPrograma, idEstudiante)
VALUES ('ISIS', 'ESTU1000093986');

INSERT INTO PROGRAMASPORESTUDIANTES (idPrograma, idEstudiante)
VALUES ('ISIS', 'ESTU1000096208');

INSERT INTO PROGRAMASPORESTUDIANTES (idPrograma, idEstudiante)
VALUES ('IEST', 'ESTU1000096208');

INSERT INTO PROGRAMASPORESTUDIANTES (idPrograma, idEstudiante)
VALUES ('ISIS', 'ESTU1000090700');

INSERT INTO PROGRAMASPORESTUDIANTES (idPrograma, idEstudiante)
VALUES ('ISIS', 'ESTU1000090709');

INSERT INTO PROGRAMASPORESTUDIANTES (idPrograma, idEstudiante)
VALUES ('ISIS', 'ESTU1000092309');

INSERT INTO PROGRAMASPORESTUDIANTES (idPrograma, idEstudiante)
VALUES ('ISIS', 'ESTU1000100162');

INSERT INTO PROGRAMASPORESTUDIANTES (idPrograma, idEstudiante)
VALUES ('ISIS', 'ESTU1000095732');

INSERT INTO PROGRAMASPORESTUDIANTES (idPrograma, idEstudiante)
VALUES ('ISIS', 'ESTU1000100827');

INSERT INTO PROGRAMASPORESTUDIANTES (idPrograma, idEstudiante)
VALUES ('ISIS', 'ESTU1000092366');

INSERT INTO PROGRAMASPORESTUDIANTES (idPrograma, idEstudiante)
VALUES ('ISIS', 'ESTU1000095923');

INSERT INTO PROGRAMASPORESTUDIANTES (idPrograma, idEstudiante)
VALUES ('ISIS', 'ESTU1000098136');

INSERT INTO PROGRAMASPORESTUDIANTES (idPrograma, idEstudiante)
VALUES ('ISIS', 'ESTU1000100519');

INSERT INTO PROGRAMASPORESTUDIANTES (idPrograma, idEstudiante)
VALUES ('ISIS', 'ESTU1000097900');

INSERT INTO PROGRAMASPORESTUDIANTES (idPrograma, idEstudiante)
VALUES ('ISIS', 'ESTU1000099463');

INSERT INTO PROGRAMASPORESTUDIANTES (idPrograma, idEstudiante)
VALUES ('ISIS', 'ESTU1000090827');

INSERT INTO PROGRAMASPORESTUDIANTES (idPrograma, idEstudiante)
VALUES ('ISIS', 'ESTU1000091956');

INSERT INTO PROGRAMASPORESTUDIANTES (idPrograma, idEstudiante)
VALUES ('ISIS', 'ESTU1000097274');

INSERT INTO PROGRAMASPORESTUDIANTES (idPrograma, idEstudiante)
VALUES ('ISIS', 'ESTU1000096481');

INSERT INTO PROGRAMASPORESTUDIANTES (idPrograma, idEstudiante)
VALUES ('ISIS', 'ESTU1000099499');

INSERT INTO PROGRAMASPORESTUDIANTES (idPrograma, idEstudiante)
VALUES ('ISIS', 'ESTU1000095092');

INSERT INTO PROGRAMASPORESTUDIANTES (idPrograma, idEstudiante)
VALUES ('ISIS', 'ESTU1000099249');

INSERT INTO PROGRAMASPORESTUDIANTES (idPrograma, idEstudiante)
VALUES ('ISIS', 'ESTU1000100514');

INSERT INTO PROGRAMASPORESTUDIANTES (idPrograma, idEstudiante)
VALUES ('ISIS', 'ESTU1000100296');

INSERT INTO PROGRAMASPORESTUDIANTES (idPrograma, idEstudiante)
VALUES ('ISIS', 'ESTU1000095428');

INSERT INTO PROGRAMASPORESTUDIANTES (idPrograma, idEstudiante)
VALUES ('ECON', 'ESTU1000092309');

INSERT INTO PROGRAMASPORESTUDIANTES (idPrograma, idEstudiante)
VALUES ('IIND', 'ESTU1000095092');

INSERT INTO PROGRAMASPORESTUDIANTES (idPrograma, idEstudiante)
VALUES ('PRAC016', 'ESTU25');

INSERT INTO PROGRAMASPORESTUDIANTES (idPrograma, idEstudiante)
VALUES ('PRAC017', 'ESTU26');

-- TITULOS

INSERT INTO TITULOS (titulo, idProfesor) VALUES ('Título 1', 'PROF100000');
INSERT INTO TITULOS (titulo, idProfesor) VALUES ('Título 2', 'PROF1000006664');
INSERT INTO TITULOS (titulo, idProfesor) VALUES ('Título 3', 'PROF1067961563');
INSERT INTO TITULOS (titulo, idProfesor) VALUES ('Título 4', 'PROF1000007379');
INSERT INTO TITULOS (titulo, idProfesor) VALUES ('Título 5', 'PROF1000003443');
INSERT INTO TITULOS (titulo, idProfesor) VALUES ('Título 6', 'PROF1000000407');
INSERT INTO TITULOS (titulo, idProfesor) VALUES ('Título 7', 'PROF1000007948');
INSERT INTO TITULOS (titulo, idProfesor) VALUES ('Título 8', 'PROF1000007963');
INSERT INTO TITULOS (titulo, idProfesor) VALUES ('Título 9', 'PROF1000012018');
INSERT INTO TITULOS (titulo, idProfesor) VALUES ('Título 10', 'PROF1000009295');
INSERT INTO TITULOS (titulo, idProfesor) VALUES ('Título 11', 'PROF1000005841');
INSERT INTO TITULOS (titulo, idProfesor) VALUES ('Título 12', 'PROF1000003322');
INSERT INTO TITULOS (titulo, idProfesor) VALUES ('Título 13', 'PROF1000000666');
INSERT INTO TITULOS (titulo, idProfesor) VALUES ('Título 14', 'PROF1000004495');
INSERT INTO TITULOS (titulo, idProfesor) VALUES ('Título 15', 'PROF1000009432');
INSERT INTO TITULOS (titulo, idProfesor) VALUES ('Título 16', 'PROF1000000143');
INSERT INTO TITULOS (titulo, idProfesor) VALUES ('Título 17', 'PROF1000000672');
INSERT INTO TITULOS (titulo, idProfesor) VALUES ('Título 18', 'PROF1000000607');
INSERT INTO TITULOS (titulo, idProfesor) VALUES ('Título 19', 'PROF1000000451');
INSERT INTO TITULOS (titulo, idProfesor) VALUES ('Título 20', 'PROF1000010723');
INSERT INTO TITULOS (titulo, idProfesor) VALUES ('Título 21', 'PROF1000002175');
INSERT INTO TITULOS (titulo, idProfesor) VALUES ('Título 22', 'PROF1000000264');
INSERT INTO TITULOS (titulo, idProfesor) VALUES ('Título 23', 'PROF1000000860');
INSERT INTO TITULOS (titulo, idProfesor) VALUES ('Título 24', 'PROF1000000929');
INSERT INTO TITULOS (titulo, idProfesor) VALUES ('Título 25', 'PROF1000003322');
INSERT INTO TITULOS (titulo, idProfesor) VALUES ('Título 26', 'PROF1000000666');
INSERT INTO TITULOS (titulo, idProfesor) VALUES ('Título 27', 'PROF1000004495');
INSERT INTO TITULOS (titulo, idProfesor) VALUES ('Título 28', 'PROF1000009432');
INSERT INTO TITULOS (titulo, idProfesor) VALUES ('Título 29', 'PROF1000000143');
INSERT INTO TITULOS (titulo, idProfesor) VALUES ('Título 30', 'PROF1000000672');

-- CICLO 2

-- CANCELACIONES
INSERT INTO CANCELACIONES (idCancelacion, fecha, motivo, estado, asesoria, idMateria, idNotificacion, idEstudiante)
VALUES ('CANC001', TO_DATE('2023-01-01', 'YYYY-MM-DD'), 'Motivo 1', 'Activo', 'S', 'MAT001', 'NOT001', '');

INSERT INTO CANCELACIONES (idCancelacion, fecha, motivo, estado, asesoria, idMateria, idNotificacion, idEstudiante)
VALUES ('CANC002', TO_DATE('2023-01-02', 'YYYY-MM-DD'), 'Motivo 2', 'Inactivo', 'N', 'MAT002', 'NOT002', '');

INSERT INTO CANCELACIONES (idCancelacion, fecha, motivo, estado, asesoria, idMateria, idNotificacion, idEstudiante)
VALUES ('CANC003', TO_DATE('2023-01-03', 'YYYY-MM-DD'), 'Motivo 3', 'Activo', 'S', 'MAT003', 'NOT003', '');

INSERT INTO CANCELACIONES (idCancelacion, fecha, motivo, estado, asesoria, idMateria, idNotificacion, idEstudiante)
VALUES ('CANC004', TO_DATE('2023-01-04', 'YYYY-MM-DD'), 'Motivo 4', 'Inactivo', 'N', 'MAT004', 'NOT004', '');

INSERT INTO CANCELACIONES (idCancelacion, fecha, motivo, estado, asesoria, idMateria, idNotificacion, idEstudiante)
VALUES ('CANC005', TO_DATE('2023-01-05', 'YYYY-MM-DD'), 'Motivo 5', 'Activo', 'S', 'MAT005', 'NOT005', '');

INSERT INTO CANCELACIONES (idCancelacion, fecha, motivo, estado, asesoria, idMateria, idNotificacion, idEstudiante)
VALUES ('CANC006', TO_DATE('2023-01-06', 'YYYY-MM-DD'), 'Motivo 6', 'Inactivo', 'N', 'MAT006', 'NOT006', '');

INSERT INTO CANCELACIONES (idCancelacion, fecha, motivo, estado, asesoria, idMateria, idNotificacion, idEstudiante)
VALUES ('CANC007', TO_DATE('2023-01-07', 'YYYY-MM-DD'), 'Motivo 7', 'Activo', 'S', 'MAT007', 'NOT007', '');

INSERT INTO CANCELACIONES (idCancelacion, fecha, motivo, estado, asesoria, idMateria, idNotificacion, idEstudiante)
VALUES ('CANC008', TO_DATE('2023-01-08', 'YYYY-MM-DD'), 'Motivo 8', 'Inactivo', 'N', 'MAT008', 'NOT008', '');

INSERT INTO CANCELACIONES (idCancelacion, fecha, motivo, estado, asesoria, idMateria, idNotificacion, idEstudiante)
VALUES ('CANC009', TO_DATE('2023-01-09', 'YYYY-MM-DD'), 'Motivo 9', 'Activo', 'S', 'MAT009', 'NOT009', '');

INSERT INTO CANCELACIONES (idCancelacion, fecha, motivo, estado, asesoria, idMateria, idNotificacion, idEstudiante)
VALUES ('CANC010', TO_DATE('2023-01-10', 'YYYY-MM-DD'), 'Motivo 10', 'Inactivo', 'N', 'MAT010', 'NOT010', '');

INSERT INTO CANCELACIONES (idCancelacion, fecha, motivo, estado, asesoria, idMateria, idNotificacion, idEstudiante)
VALUES ('CANC011', TO_DATE('2023-01-11', 'YYYY-MM-DD'), 'Motivo 11', 'Activo', 'S', 'MAT011', 'NOT011', '');

INSERT INTO CANCELACIONES (idCancelacion, fecha, motivo, estado, asesoria, idMateria, idNotificacion, idEstudiante)
VALUES ('CANC012', TO_DATE('2023-01-12', 'YYYY-MM-DD'), 'Motivo 12', 'Inactivo', 'N', 'MAT012', 'NOT012', '');

INSERT INTO CANCELACIONES (idCancelacion, fecha, motivo, estado, asesoria, idMateria, idNotificacion, idEstudiante)
VALUES ('CANC013', TO_DATE('2023-01-13', 'YYYY-MM-DD'), 'Motivo 13', 'Activo', 'S', 'MAT013', 'NOT013', '');

INSERT INTO CANCELACIONES (idCancelacion, fecha, motivo, estado, asesoria, idMateria, idNotificacion, idEstudiante)
VALUES ('CANC014', TO_DATE('2023-01-14', 'YYYY-MM-DD'), 'Motivo 14', 'Inactivo', 'N', 'MAT014', 'NOT014', '');

INSERT INTO CANCELACIONES (idCancelacion, fecha, motivo, estado, asesoria, idMateria, idNotificacion, idEstudiante)
VALUES ('CANC015', TO_DATE('2023-01-15', 'YYYY-MM-DD'), 'Motivo 15', 'Activo', 'S', 'MAT015', 'NOT015', '');

INSERT INTO CANCELACIONES (idCancelacion, fecha, motivo, estado, asesoria, idMateria, idNotificacion, idEstudiante)
VALUES ('CANC016', TO_DATE('2023-01-16', 'YYYY-MM-DD'), 'Motivo 16', 'Inactivo', 'N', 'MAT016', 'NOT016', '');

INSERT INTO CANCELACIONES (idCancelacion, fecha, motivo, estado, asesoria, idMateria, idNotificacion, idEstudiante)
VALUES ('CANC017', TO_DATE('2023-01-17', 'YYYY-MM-DD'), 'Motivo 17', 'Activo', 'S', 'MAT017', 'NOT017', '');

INSERT INTO CANCELACIONES (idCancelacion, fecha, motivo, estado, asesoria, idMateria, idNotificacion, idEstudiante)
VALUES ('CANC018', TO_DATE('2023-01-18', 'YYYY-MM-DD'), 'Motivo 18', 'Inactivo', 'N', 'MAT018', 'NOT018', '');

INSERT INTO CANCELACIONES (idCancelacion, fecha, motivo, estado, asesoria, idMateria, idNotificacion, idEstudiante)
VALUES ('CANC019', TO_DATE('2023-01-19', 'YYYY-MM-DD'), 'Motivo 19', 'Activo', 'S', 'MAT019', 'NOT019', '');

INSERT INTO CANCELACIONES (idCancelacion, fecha, motivo, estado, asesoria, idMateria, idNotificacion, idEstudiante)
VALUES ('CANC020', TO_DATE('2023-01-20', 'YYYY-MM-DD'), 'Motivo 20', 'Inactivo', 'N', 'MAT020', 'NOT020', '');

INSERT INTO CANCELACIONES (idCancelacion, fecha, motivo, estado, asesoria, idMateria, idNotificacion, idEstudiante)
VALUES ('CANC021', TO_DATE('2023-01-21', 'YYYY-MM-DD'), 'Motivo 21', 'Activo', 'S', 'MAT021', 'NOT021', '');

INSERT INTO CANCELACIONES (idCancelacion, fecha, motivo, estado, asesoria, idMateria, idNotificacion, idEstudiante)
VALUES ('CANC022', TO_DATE('2023-01-22', 'YYYY-MM-DD'), 'Motivo 22', 'Inactivo', 'N', 'MAT022', 'NOT022', '');

INSERT INTO CANCELACIONES (idCancelacion, fecha, motivo, estado, asesoria, idMateria, idNotificacion, idEstudiante)
VALUES ('CANC023', TO_DATE('2023-01-23', 'YYYY-MM-DD'), 'Motivo 23', 'Activo', 'S', 'MAT023', 'NOT023', '');

INSERT INTO CANCELACIONES (idCancelacion, fecha, motivo, estado, asesoria, idMateria, idNotificacion, idEstudiante)
VALUES ('CANC024', TO_DATE('2023-01-24', 'YYYY-MM-DD'), 'Motivo 24', 'Inactivo', 'N', 'MAT024', 'NOT024', '');

INSERT INTO CANCELACIONES (idCancelacion, fecha, motivo, estado, asesoria, idMateria, idNotificacion, idEstudiante)
VALUES ('CANC025', TO_DATE('2023-01-25', 'YYYY-MM-DD'), 'Motivo 25', 'Activo', 'S', 'MAT025', 'NOT025', '');

INSERT INTO CANCELACIONES (idCancelacion, fecha, motivo, estado, asesoria, idMateria, idNotificacion, idEstudiante)
VALUES ('CANC026', TO_DATE('2023-01-26', 'YYYY-MM-DD'), 'Motivo 26', 'Inactivo', 'N', 'MAT026', 'NOT026', '');

INSERT INTO CANCELACIONES (idCancelacion, fecha, motivo, estado, asesoria, idMateria, idNotificacion, idEstudiante)
VALUES ('CANC027', TO_DATE('2023-01-27', 'YYYY-MM-DD'), 'Motivo 27', 'Activo', 'S', 'MAT027', 'NOT027', '');

INSERT INTO CANCELACIONES (idCancelacion, fecha, motivo, estado, asesoria, idMateria, idNotificacion, idEstudiante)
VALUES ('CANC028', TO_DATE('2023-01-28', 'YYYY-MM-DD'), 'Motivo 28', 'Inactivo', 'N', 'MAT028', 'NOT028', '');

INSERT INTO CANCELACIONES (idCancelacion, fecha, motivo, estado, asesoria, idMateria, idNotificacion, idEstudiante)
VALUES ('CANC029', TO_DATE('2023-01-29', 'YYYY-MM-DD'), 'Motivo 29', 'Activo', 'S', 'MAT029', 'NOT029', '');

INSERT INTO CANCELACIONES (idCancelacion, fecha, motivo, estado, asesoria, idMateria, idNotificacion, idEstudiante)
VALUES ('CANC030', TO_DATE('2023-01-30', 'YYYY-MM-DD'), 'Motivo 30', 'Inactivo', 'N', 'MAT030', 'NOT030', '');

-- NOTIFICACIONES
INSERT INTO NOTIFICACIONES (idNotificacion, mensaje, fecha, estado)
VALUES ('EUGW2539', 'Notificación 1', TO_DATE('2025-04-20', 'YYYY-MM-DD'), 'Enviado');

INSERT INTO NOTIFICACIONES (idNotificacion, mensaje, fecha, estado)
VALUES ('TBJZ7695', 'Notificación 2', TO_DATE('2025-04-16', 'YYYY-MM-DD'), 'No enviado');

INSERT INTO NOTIFICACIONES (idNotificacion, mensaje, fecha, estado)
VALUES ('KQJL9558', 'Notificación 3', TO_DATE('2025-05-04', 'YYYY-MM-DD'), 'Enviado');

INSERT INTO NOTIFICACIONES (idNotificacion, mensaje, fecha, estado)
VALUES ('CKMX566', 'Notificación 4', TO_DATE('2025-04-16', 'YYYY-MM-DD'), 'Enviado');

INSERT INTO NOTIFICACIONES (idNotificacion, mensaje, fecha, estado)
VALUES ('HNFH984', 'Notificación 5', TO_DATE('2025-04-16', 'YYYY-MM-DD'), 'Enviado');

INSERT INTO NOTIFICACIONES (idNotificacion, mensaje, fecha, estado)
VALUES ('YDJI50', 'Notificación 6', TO_DATE('2025-05-09', 'YYYY-MM-DD'), 'Enviado');

INSERT INTO NOTIFICACIONES (idNotificacion, mensaje, fecha, estado)
VALUES ('NKDC2787', 'Notificación 7', TO_DATE('2025-04-22', 'YYYY-MM-DD'), 'Enviado');

INSERT INTO NOTIFICACIONES (idNotificacion, mensaje, fecha, estado)
VALUES ('VJJG8630', 'Notificación 8', TO_DATE('2025-05-03', 'YYYY-MM-DD'), 'No enviado');

INSERT INTO NOTIFICACIONES (idNotificacion, mensaje, fecha, estado)
VALUES ('EUUJ3571', 'Notificación 9', TO_DATE('2025-04-29', 'YYYY-MM-DD'), 'No enviado');

INSERT INTO NOTIFICACIONES (idNotificacion, mensaje, fecha, estado)
VALUES ('HYVI5476', 'Notificación 10', TO_DATE('2025-04-21', 'YYYY-MM-DD'), 'Enviado');

INSERT INTO NOTIFICACIONES (idNotificacion, mensaje, fecha, estado)
VALUES ('SZPO6301', 'Notificación 31', TO_DATE('2025-04-24', 'YYYY-MM-DD'), 'Enviado');

INSERT INTO NOTIFICACIONES (idNotificacion, mensaje, fecha, estado)
VALUES ('BYUX6880', 'Notificación 32', TO_DATE('2025-04-20', 'YYYY-MM-DD'), 'Enviado');

INSERT INTO NOTIFICACIONES (idNotificacion, mensaje, fecha, estado)
VALUES ('SMDF738', 'Notificación 33', TO_DATE('2025-04-26', 'YYYY-MM-DD'), 'Enviado');

INSERT INTO NOTIFICACIONES (idNotificacion, mensaje, fecha, estado)
VALUES ('MGSB4558', 'Notificación 34', TO_DATE('2025-04-24', 'YYYY-MM-DD'), 'Enviado');

INSERT INTO NOTIFICACIONES (idNotificacion, mensaje, fecha, estado)
VALUES ('EXCE558', 'Notificación 35', TO_DATE('2025-04-26', 'YYYY-MM-DD'), 'Enviado');

INSERT INTO NOTIFICACIONES (idNotificacion, mensaje, fecha, estado)
VALUES ('HLAW6243', 'Notificación 36', TO_DATE('2025-04-14', 'YYYY-MM-DD'), 'No enviado');

INSERT INTO NOTIFICACIONES (idNotificacion, mensaje, fecha, estado)
VALUES ('YUAB8999', 'Notificación 37', TO_DATE('2025-05-12', 'YYYY-MM-DD'), 'No enviado');

INSERT INTO NOTIFICACIONES (idNotificacion, mensaje, fecha, estado)
VALUES ('MDHM2237', 'Notificación 38', TO_DATE('2025-05-04', 'YYYY-MM-DD'), 'No enviado');

INSERT INTO NOTIFICACIONES (idNotificacion, mensaje, fecha, estado)
VALUES ('AFJF7896', 'Notificación 39', TO_DATE('2025-05-10', 'YYYY-MM-DD'), 'No enviado');

INSERT INTO NOTIFICACIONES (idNotificacion, mensaje, fecha, estado)
VALUES ('THFD6202', 'Notificación 40', TO_DATE('2025-04-14', 'YYYY-MM-DD'), 'Enviado');

INSERT INTO NOTIFICACIONES (idNotificacion, mensaje, fecha, estado)
VALUES ('QWED1234', 'Notificación 41', TO_DATE('2025-04-28', 'YYYY-MM-DD'), 'Enviado');

INSERT INTO NOTIFICACIONES (idNotificacion, mensaje, fecha, estado)
VALUES ('ZXCV5678', 'Notificación 42', TO_DATE('2025-05-01', 'YYYY-MM-DD'), 'No enviado');

INSERT INTO NOTIFICACIONES (idNotificacion, mensaje, fecha, estado)
VALUES ('ASDF9123', 'Notificación 43', TO_DATE('2025-04-20', 'YYYY-MM-DD'), 'Enviado');

INSERT INTO NOTIFICACIONES (idNotificacion, mensaje, fecha, estado)
VALUES ('JKLO8765', 'Notificación 44', TO_DATE('2025-04-15', 'YYYY-MM-DD'), 'No enviado');

INSERT INTO NOTIFICACIONES (idNotificacion, mensaje, fecha, estado)
VALUES ('UIOP4321', 'Notificación 45', TO_DATE('2025-05-10', 'YYYY-MM-DD'), 'Enviado');

INSERT INTO NOTIFICACIONES (idNotificacion, mensaje, fecha, estado)
VALUES ('NMJK6543', 'Notificación 46', TO_DATE('2025-04-27', 'YYYY-MM-DD'), 'Enviado');

INSERT INTO NOTIFICACIONES (idNotificacion, mensaje, fecha, estado)
VALUES ('YTRF3456', 'Notificación 47', TO_DATE('2025-05-05', 'YYYY-MM-DD'), 'No enviado');

INSERT INTO NOTIFICACIONES (idNotificacion, mensaje, fecha, estado)
VALUES ('BNMH7865', 'Notificación 48', TO_DATE('2025-04-23', 'YYYY-MM-DD'), 'Enviado');

INSERT INTO NOTIFICACIONES (idNotificacion, mensaje, fecha, estado)
VALUES ('POIU1237', 'Notificación 49', TO_DATE('2025-05-09', 'YYYY-MM-DD'), 'No enviado');

INSERT INTO NOTIFICACIONES (idNotificacion, mensaje, fecha, estado)
VALUES ('LKJM0987', 'Notificación 50', TO_DATE('2025-04-18', 'YYYY-MM-DD'), 'Enviado');